"id","name","place","question","type","variable_name","format_id/id","initial_state","next_enable","parent_id/id","survey_id/id","note","category_ids/id","page"
"survey_methodology_extra.EE12","EE12",1,"Encuesta Estructural a PyME industriales 2012","View",,,"closed",,,"survey_methodology_extra.survey_EE12",,,1
"survey_methodology_extra.EE12_MIE","MIE",1,"Modificaciones en la Identificación de la Empresa","View",,,"closed",,"survey_methodology_extra.EE12","survey_methodology_extra.survey_EE12",,,1
"survey_methodology_extra.EE12_MIE_RS","RS",1,"Razón Social","Variable","MIE_RS","survey_methodology_extra.format_Char","enabled","True:EE12_MIE_CR:","survey_methodology_extra.EE12_MIE","survey_methodology_extra.survey_EE12",,,1
"survey_methodology_extra.EE12_MIE_CR","CR",2,"Calle/Ruta","Variable","MIE_CR","survey_methodology_extra.format_Char","disabled","True:EE12_MIE_NK:","survey_methodology_extra.EE12_MIE","survey_methodology_extra.survey_EE12",,,1
"survey_methodology_extra.EE12_MIE_NK","NK",3,"Número/Km","Variable","MIE_NK","survey_methodology_extra.format_Char","disabled","True:EE12_MIE_LOC:","survey_methodology_extra.EE12_MIE","survey_methodology_extra.survey_EE12",,,1
"survey_methodology_extra.EE12_MIE_LOC","LOC",4,"Localidad","Variable","MIE_LOC","survey_methodology_extra.format_Char","disabled","True:EE12_MIE_DP:","survey_methodology_extra.EE12_MIE","survey_methodology_extra.survey_EE12",,,1
"survey_methodology_extra.EE12_MIE_DP","DP",5,"Departamento/Partido","Variable","MIE_DP","survey_methodology_extra.format_Char","disabled","True:EE12_MIE_CP:","survey_methodology_extra.EE12_MIE","survey_methodology_extra.survey_EE12",,,1
"survey_methodology_extra.EE12_MIE_CP","CP",6,"Código Postal","Variable","MIE_CP","survey_methodology_extra.format_Char","disabled","True:EE12_MIE_PROV:","survey_methodology_extra.EE12_MIE","survey_methodology_extra.survey_EE12",,,1
"survey_methodology_extra.EE12_MIE_PROV","PROV",7,"Provincia","Variable","MIE_PROV","survey_methodology_extra.format_Char","disabled","True:EE12_PANEL:","survey_methodology_extra.EE12_MIE","survey_methodology_extra.survey_EE12",,,1
"survey_methodology_extra.EE12_PANEL","PANEL",2,"Panel","Variable","PANEL","survey_methodology_extra.format_Char","disabled","True:EE12_ISC_SE:","survey_methodology_extra.EE12","survey_methodology_extra.survey_EE12",,,1
"survey_methodology_extra.EE12_ISC","ISC",3,"Información sobre el cuestionario","View",,,"closed",,"survey_methodology_extra.EE12","survey_methodology_extra.survey_EE12",,,1
"survey_methodology_extra.EE12_ISC_SE","SE",8,"Su encuestador","Variable","ISC_SE","survey_methodology_extra.format_Char","disabled","True:EE12_ISC_TEL:","survey_methodology_extra.EE12_ISC","survey_methodology_extra.survey_EE12",,,1
"survey_methodology_extra.EE12_ISC_TEL","TEL",9,"Teléfono","Variable","ISC_TEL","survey_methodology_extra.format_Char","disabled","True:EE12_ISC_EMAIL:","survey_methodology_extra.EE12_ISC","survey_methodology_extra.survey_EE12",,,1
"survey_methodology_extra.EE12_ISC_EMAIL","EMAIL",10,"Correo Electrónico","Variable","ISC_EMAIL","survey_methodology_extra.format_Char","disabled","True:EE12_ISC_DATE:","survey_methodology_extra.EE12_ISC","survey_methodology_extra.survey_EE12",,,1
"survey_methodology_extra.EE12_ISC_DATE","DATE",11,"Fecha de Entrega","Variable","ISC_DATE","survey_methodology_extra.format_Date","disabled","True:EE12_A_1:","survey_methodology_extra.EE12_ISC","survey_methodology_extra.survey_EE12",,,1
"survey_methodology_extra.EE12_A","A",4,"Características generales de la empresa","View",,,"closed",,"survey_methodology_extra.EE12","survey_methodology_extra.survey_EE12",,,2
"survey_methodology_extra.EE12_A_1",1,12,"Sobre la base de las ventas de la empresa, la actividad principal de la empresa es","Variable","A_1","survey_methodology_extra.format_SelectOne","disabled","True:EE12_A_2_1:","survey_methodology_extra.EE12_A","survey_methodology_extra.survey_EE12",,,2
"survey_methodology_extra.EE12_A_1_1",1,1,"la venta de bienes y/o productos elaborados o transformados por la firma","Null",,,"closed",,"survey_methodology_extra.EE12_A_1","survey_methodology_extra.survey_EE12",,,2
"survey_methodology_extra.EE12_A_1_2",2,2,"la reparación de maquinarias","Null",,,"closed",,"survey_methodology_extra.EE12_A_1","survey_methodology_extra.survey_EE12",,,2
"survey_methodology_extra.EE12_A_1_3",3,3,"la reventa de productos en el mismo estado en que fueron adquiridos, la venta de servicios, u otra actividad","Null",,,"closed",,"survey_methodology_extra.EE12_A_1","survey_methodology_extra.survey_EE12",,,2
"survey_methodology_extra.EE12_A_2",2,13,"Sobre la base de las ventas de la empresa, indique cuál es el principal producto elaborado o reparado y la materia prima básica utilizada por la empresa para su elaboración o reparación","View",,,"closed",,"survey_methodology_extra.EE12_A","survey_methodology_extra.survey_EE12",,,2
"survey_methodology_extra.EE12_A_2_1",1,4,"Principal producto","Variable","A_2_1","survey_methodology_extra.format_Char","disabled","True:EE12_A_2_2:","survey_methodology_extra.EE12_A_2","survey_methodology_extra.survey_EE12",,,2
"survey_methodology_extra.EE12_A_2_2",2,5,"Materia prima básica del producto","Variable","A_2_2","survey_methodology_extra.format_Char","disabled","True:EE12_A_2_3:","survey_methodology_extra.EE12_A_2","survey_methodology_extra.survey_EE12",,,2
"survey_methodology_extra.EE12_A_2_3",3,6,"Para uso interno","Variable","A_2_3","survey_methodology_extra.format_Integer","disabled","True:EE12_A_3_1:","survey_methodology_extra.EE12_A_2","survey_methodology_extra.survey_EE12",,,2
"survey_methodology_extra.EE12_A_3",3,14,"En qué año comenzó a operar la empresa con la actual razón social","View",,,"closed",,"survey_methodology_extra.EE12_A","survey_methodology_extra.survey_EE12",,,2
"survey_methodology_extra.EE12_A_3_1",1,7,"Año","Variable","A_3_1","survey_methodology_extra.format_Year","disabled","True:EE12_A_4:","survey_methodology_extra.EE12_A_3","survey_methodology_extra.survey_EE12",,,2
"survey_methodology_extra.EE12_A_4",4,15,"La forma jurídica actual de la empresa es","Variable","A_4","survey_methodology_extra.format_SelectOne","disabled","True:EE12_A_4o:","survey_methodology_extra.EE12_A","survey_methodology_extra.survey_EE12",,,2
"survey_methodology_extra.EE12_A_4_1",1,8,"Unipersonal","Null",,,"closed",,"survey_methodology_extra.EE12_A_4","survey_methodology_extra.survey_EE12",,,2
"survey_methodology_extra.EE12_A_4_2",2,9,"Sociedad no constituida regularmente","Null",,,"closed",,"survey_methodology_extra.EE12_A_4","survey_methodology_extra.survey_EE12",,,2
"survey_methodology_extra.EE12_A_4_3",3,10,"Sociedad Anónima","Null",,,"closed",,"survey_methodology_extra.EE12_A_4","survey_methodology_extra.survey_EE12",,,2
"survey_methodology_extra.EE12_A_4_4",4,11,"Sociedad de Responsabilidad Limitada","Null",,,"closed",,"survey_methodology_extra.EE12_A_4","survey_methodology_extra.survey_EE12",,,2
"survey_methodology_extra.EE12_A_4_5",5,12,"Sociedad cooperativa","Null",,,"closed",,"survey_methodology_extra.EE12_A_4","survey_methodology_extra.survey_EE12",,,2
"survey_methodology_extra.EE12_A_4_6",6,13,"Otra","Null",,,"closed",,"survey_methodology_extra.EE12_A_4","survey_methodology_extra.survey_EE12",,,2
"survey_methodology_extra.EE12_A_4o","4o",16,"Especifique","Variable","A_4o","survey_methodology_extra.format_Char","disabled","True:EE12_A_5a:","survey_methodology_extra.EE12_A","survey_methodology_extra.survey_EE12",,,2
"survey_methodology_extra.EE12_A_5a","5a",17,"La empresa, ¿forma parte de un conjunto de empresas controladas directa o indirectamente por una misma firma?","Variable","A_5a","survey_methodology_extra.format_SelectOne","disabled","True:EE12_A_5b:","survey_methodology_extra.EE12_A","survey_methodology_extra.survey_EE12",,,2
"survey_methodology_extra.EE12_A_5a_1",1,14,"Si","Null",,,"closed",,"survey_methodology_extra.EE12_A_5a","survey_methodology_extra.survey_EE12",,,2
"survey_methodology_extra.EE12_A_5a_2",2,15,"No","Null",,,"closed",,"survey_methodology_extra.EE12_A_5a","survey_methodology_extra.survey_EE12",,,2
"survey_methodology_extra.EE12_A_5b","5b",18,"En su conjunto, ¿todas las empresas del grupo sumadas ocupan a más de 250 personas?","Variable","A_5b","survey_methodology_extra.format_SelectOne","disabled","True:EE12_A_6_LOC:","survey_methodology_extra.EE12_A","survey_methodology_extra.survey_EE12",,,2
"survey_methodology_extra.EE12_A_5b_1",1,16,"Si","Null",,,"closed",,"survey_methodology_extra.EE12_A_5b","survey_methodology_extra.survey_EE12",,,2
"survey_methodology_extra.EE12_A_5b_2",2,17,"No","Null",,,"closed",,"survey_methodology_extra.EE12_A_5b","survey_methodology_extra.survey_EE12",,,2
"survey_methodology_extra.EE12_A_6",6,19,"Considerando la cantidad total de ocupados de la empresa, ¿dónde está localizado el principal local industrial o taller de reparación de maquinarias de la empresa?","View",,,"closed",,"survey_methodology_extra.EE12_A","survey_methodology_extra.survey_EE12",,,2
"survey_methodology_extra.EE12_A_6_LOC","LOC",18,"Localidad","Variable","A_6_LOC","survey_methodology_extra.format_Char","disabled","True:EE12_A_6_DP:","survey_methodology_extra.EE12_A_6","survey_methodology_extra.survey_EE12",,,2
"survey_methodology_extra.EE12_A_6_DP","DP",19,"Departamento / Partido","Variable","A_6_DP","survey_methodology_extra.format_Char","disabled","True:EE12_A_6_PROV:","survey_methodology_extra.EE12_A_6","survey_methodology_extra.survey_EE12",,,2
"survey_methodology_extra.EE12_A_6_PROV","PROV",20,"Provincia","Variable","A_6_PROV","survey_methodology_extra.format_Char","disabled","True:EE12_A_6_INT:","survey_methodology_extra.EE12_A_6","survey_methodology_extra.survey_EE12",,,2
"survey_methodology_extra.EE12_A_6_INT","INT",21,"Para uso interno","Variable","A_6_INT","survey_methodology_extra.format_Char","disabled","True:EE12_A_7_1:","survey_methodology_extra.EE12_A_6","survey_methodology_extra.survey_EE12",,,2
"survey_methodology_extra.EE12_A_7",7,20,"Indique si la empresa cuenta o no con alguna de las siguientes Tecnologías de la Información y de las Comunicaciones (TIC’s)","View",,,"closed",,"survey_methodology_extra.EE12_A","survey_methodology_extra.survey_EE12",,,3
"survey_methodology_extra.EE12_A_7_1",1,22,"Servicios fijos de voz (Central Telefónica)","Variable","A_7_1","survey_methodology_extra.format_Boolean","disabled","True:EE12_A_7_2:","survey_methodology_extra.EE12_A_7","survey_methodology_extra.survey_EE12",,,3
"survey_methodology_extra.EE12_A_7_2",2,23,"Servicio de Internet","Variable","A_7_2","survey_methodology_extra.format_Boolean","disabled","True:EE12_A_7_3:","survey_methodology_extra.EE12_A_7","survey_methodology_extra.survey_EE12",,,3
"survey_methodology_extra.EE12_A_7_3",3,24,"Red / Redes (ej.: LAN, Intranet, etc.)","Variable","A_7_3","survey_methodology_extra.format_Boolean","disabled","True:EE12_A_7_4:","survey_methodology_extra.EE12_A_7","survey_methodology_extra.survey_EE12",,,3
"survey_methodology_extra.EE12_A_7_4",4,25,"Servidor propio (para correo electrónico, web)","Variable","A_7_4","survey_methodology_extra.format_Boolean","disabled","True:EE12_A_7_5:","survey_methodology_extra.EE12_A_7","survey_methodology_extra.survey_EE12",,,3
"survey_methodology_extra.EE12_A_7_5",5,26,"Servidor contratado a un tercero","Variable","A_7_5","survey_methodology_extra.format_Boolean","disabled","True:EE12_A_7_6:","survey_methodology_extra.EE12_A_7","survey_methodology_extra.survey_EE12",,,3
"survey_methodology_extra.EE12_A_7_6",6,27,"Software específico para la gestión (ej. Tango gestión)","Variable","A_7_6","survey_methodology_extra.format_Boolean","disabled","True:EE12_A_7_7:","survey_methodology_extra.EE12_A_7","survey_methodology_extra.survey_EE12",,,3
"survey_methodology_extra.EE12_A_7_7",7,28,"Servicio Corporativo de celular / flota (líneas a nombre de la empresa)","Variable","A_7_7","survey_methodology_extra.format_Boolean","disabled","True:EE12_A_7_8:","survey_methodology_extra.EE12_A_7","survey_methodology_extra.survey_EE12",,,3
"survey_methodology_extra.EE12_A_7_8",8,29,"Puestos de trabajo con computadora (PC, notebook)","Variable","A_7_8","survey_methodology_extra.format_Boolean","disabled","True:EE12_A_7_8_CUANTOS:","survey_methodology_extra.EE12_A_7","survey_methodology_extra.survey_EE12",,,3
"survey_methodology_extra.EE12_A_7_8_CUANTOS","CUANTOS",1,"Cuantos","Variable","A_7_8_CUANTOS","survey_methodology_extra.format_Integer","disabled","True:EE12_A_8_CUAL:","survey_methodology_extra.EE12_A_7_8","survey_methodology_extra.survey_EE12",,,3
"survey_methodology_extra.EE12_A_8",8,21,"¿La empresa desarrolla acciones o iniciativas de Responsabilidad Social Empresaria (RSE)*?","View",,,"closed",,"survey_methodology_extra.EE12_A","survey_methodology_extra.survey_EE12",,,3
"survey_methodology_extra.EE12_A_8_2",2,30,"No","Null",,,"closed",,"survey_methodology_extra.EE12_A_8","survey_methodology_extra.survey_EE12",,,3
"survey_methodology_extra.EE12_A_8_1",1,31,"Si","Null",,,"closed",,"survey_methodology_extra.EE12_A_8","survey_methodology_extra.survey_EE12",,,3
"survey_methodology_extra.EE12_B","B",5,"Problemas y expectativas","View",,,"closed",,"survey_methodology_extra.EE12","survey_methodology_extra.survey_EE12",,,3
"survey_methodology_extra.EE12_B_9",9,22,"Por favor, indique para cada uno de los siguientes problemas su grado de relevancia para la empresa, considerando “1” como Nada relevante y “10” como Muy relevante","View",,,"closed",,"survey_methodology_extra.EE12_B","survey_methodology_extra.survey_EE12",,,3
"survey_methodology_extra.EE12_B_9_1",1,32,"Insuficiente capacidad instalada","Null",,,"closed",,"survey_methodology_extra.EE12_B_9","survey_methodology_extra.survey_EE12",,,3
"survey_methodology_extra.EE12_B_9_2",2,33,"Caída de las ventas","Null",,,"closed",,"survey_methodology_extra.EE12_B_9","survey_methodology_extra.survey_EE12",,,3
"survey_methodology_extra.EE12_B_9_3",3,34,"Dificultades en la obtención de financiamiento","Null",,,"closed",,"survey_methodology_extra.EE12_B_9","survey_methodology_extra.survey_EE12",,,3
"survey_methodology_extra.EE12_B_9_4",4,35,"Alta participación de los impuestos en el costo final del producto","Null",,,"closed",,"survey_methodology_extra.EE12_B_9","survey_methodology_extra.survey_EE12",,,3
"survey_methodology_extra.EE12_B_9_5",5,36,"Disminución de la rentabilidad","Null",,,"closed",,"survey_methodology_extra.EE12_B_9","survey_methodology_extra.survey_EE12",,,3
"survey_methodology_extra.EE12_B_9_6",6,37,"Retraso en los pagos de los clientes","Null",,,"closed",,"survey_methodology_extra.EE12_B_9","survey_methodology_extra.survey_EE12",,,3
"survey_methodology_extra.EE12_B_9_7",7,38,"Aumento de los costos directos de producción (mano de obra, materias primas, insumos, etc.)","Null",,,"closed",,"survey_methodology_extra.EE12_B_9","survey_methodology_extra.survey_EE12",,,3
"survey_methodology_extra.EE12_B_9_8",8,39,"Fuerte competencia en el mercado interno","Null",,,"closed",,"survey_methodology_extra.EE12_B_9","survey_methodology_extra.survey_EE12",,,3
"survey_methodology_extra.EE12_B_9_9",9,40,"Fuerte competencia en los mercados internacionales","Null",,,"closed",,"survey_methodology_extra.EE12_B_9","survey_methodology_extra.survey_EE12",,,3
"survey_methodology_extra.EE12_B_9_10",10,41,"Elevados costos financieros","Null",,,"closed",,"survey_methodology_extra.EE12_B_9","survey_methodology_extra.survey_EE12",,,3
"survey_methodology_extra.EE12_B_9_11",11,42,"Alto grado de evasión de los productores locales con los que compite","Null",,,"closed",,"survey_methodology_extra.EE12_B_9","survey_methodology_extra.survey_EE12",,,3
"survey_methodology_extra.EE12_B_9_12",12,43,"Dificultades en el suministro de energía (electricidad, gas natural y/o combustible líquido)","Null",,,"closed",,"survey_methodology_extra.EE12_B_9","survey_methodology_extra.survey_EE12",,,3
"survey_methodology_extra.EE12_B_9_13",13,44,"Elevados costos de logística","Null",,,"closed",,"survey_methodology_extra.EE12_B_9","survey_methodology_extra.survey_EE12",,,3
"survey_methodology_extra.EE12_B_9_14",14,45,"Otros","View",,,"closed",,"survey_methodology_extra.EE12_B_9","survey_methodology_extra.survey_EE12",,,3
"survey_methodology_extra.EE12_B_9_14o","14o",46,"Otros","Null",,,"closed",,"survey_methodology_extra.EE12_B_9_14","survey_methodology_extra.survey_EE12",,,3
"survey_methodology_extra.EE12_B_10",10,23,"¿Cómo espera que evolucionen los siguientes ítems en la empresa durante el próximo año?","View",,,"closed",,"survey_methodology_extra.EE12_B","survey_methodology_extra.survey_EE12",,,4
"survey_methodology_extra.EE12_B_10_1",1,47,"Ventas al mercado interno","View",,,"closed",,"survey_methodology_extra.EE12_B_10","survey_methodology_extra.survey_EE12",,,4
"survey_methodology_extra.EE12_B_10_1_a","a",2,"Aumentarán","Null",,,"closed",,"survey_methodology_extra.EE12_B_10_1","survey_methodology_extra.survey_EE12",,,4
"survey_methodology_extra.EE12_B_10_1_b","b",3,"No variarán","Null",,,"closed",,"survey_methodology_extra.EE12_B_10_1","survey_methodology_extra.survey_EE12",,,4
"survey_methodology_extra.EE12_B_10_1_c","c",4,"Disminuirán","Null",,,"closed",,"survey_methodology_extra.EE12_B_10_1","survey_methodology_extra.survey_EE12",,,4
"survey_methodology_extra.EE12_B_10_2",2,48,"Cantidad total de ocupados","View",,,"closed",,"survey_methodology_extra.EE12_B_10","survey_methodology_extra.survey_EE12",,,4
"survey_methodology_extra.EE12_B_10_2_b","b",5,"No variarán","Null",,,"closed",,"survey_methodology_extra.EE12_B_10_2","survey_methodology_extra.survey_EE12",,,4
"survey_methodology_extra.EE12_B_10_2_c","c",6,"Disminuirán","Null",,,"closed",,"survey_methodology_extra.EE12_B_10_2","survey_methodology_extra.survey_EE12",,,4
"survey_methodology_extra.EE12_B_10_2_a","a",7,"Aumentarán","Null",,,"closed",,"survey_methodology_extra.EE12_B_10_2","survey_methodology_extra.survey_EE12",,,4
"survey_methodology_extra.EE12_B_10_3",3,49,"Exportaciones","View",,,"closed",,"survey_methodology_extra.EE12_B_10","survey_methodology_extra.survey_EE12",,,4
"survey_methodology_extra.EE12_B_10_3_a","a",8,"Aumentarán","Null",,,"closed",,"survey_methodology_extra.EE12_B_10_3","survey_methodology_extra.survey_EE12",,,4
"survey_methodology_extra.EE12_B_10_3_b","b",9,"No variarán","Null",,,"closed",,"survey_methodology_extra.EE12_B_10_3","survey_methodology_extra.survey_EE12",,,4
"survey_methodology_extra.EE12_B_10_3_c","c",10,"Disminuirán","Null",,,"closed",,"survey_methodology_extra.EE12_B_10_3","survey_methodology_extra.survey_EE12",,,4
"survey_methodology_extra.EE12_B_10_3_d","d",11,"No exportó este año ni lo hará el próximo","Null",,,"closed",,"survey_methodology_extra.EE12_B_10_3","survey_methodology_extra.survey_EE12",,,4
"survey_methodology_extra.EE12_B_10_4",4,50,"Inversiones","View",,,"closed",,"survey_methodology_extra.EE12_B_10","survey_methodology_extra.survey_EE12",,,4
"survey_methodology_extra.EE12_B_10_4_b","b",12,"No variarán","Null",,,"closed",,"survey_methodology_extra.EE12_B_10_4","survey_methodology_extra.survey_EE12",,,4
"survey_methodology_extra.EE12_B_10_4_c","c",13,"Disminuirán","Null",,,"closed",,"survey_methodology_extra.EE12_B_10_4","survey_methodology_extra.survey_EE12",,,4
"survey_methodology_extra.EE12_B_10_4_d","d",14,"No invirtió este año ni lo hará el próximo","Null",,,"closed",,"survey_methodology_extra.EE12_B_10_4","survey_methodology_extra.survey_EE12",,,4
"survey_methodology_extra.EE12_B_10_4_a","a",15,"Aumentarán","Null",,,"closed",,"survey_methodology_extra.EE12_B_10_4","survey_methodology_extra.survey_EE12",,,4
"survey_methodology_extra.EE12_C","C",6,"Inversiones","View",,,"closed",,"survey_methodology_extra.EE12","survey_methodology_extra.survey_EE12",,,4
"survey_methodology_extra.EE12_C_11",11,24,"¿Realizó inversiones durante 2011?","View",,,"closed",,"survey_methodology_extra.EE12_C","survey_methodology_extra.survey_EE12",,,4
"survey_methodology_extra.EE12_C_11_b","b",51,"No","Null",,,"closed",,"survey_methodology_extra.EE12_C_11","survey_methodology_extra.survey_EE12",,,4
"survey_methodology_extra.EE12_C_11_1",1,52,"Indique para el año 2011 qué proporción de sus ventas (facturación sin IVA) representaron las inversiones totales","Null",,,"closed",,"survey_methodology_extra.EE12_C_11","survey_methodology_extra.survey_EE12",,,4
"survey_methodology_extra.EE12_C_11_2",2,53,"Indique para el año 2011 qué proporción de sus ventas (facturación sin IVA) representaron las inversiones sólo en maquinaria y equipo","Null",,,"closed",,"survey_methodology_extra.EE12_C_11","survey_methodology_extra.survey_EE12",,,4
"survey_methodology_extra.EE12_C_11_a","a",54,"Si","Null",,,"closed",,"survey_methodology_extra.EE12_C_11","survey_methodology_extra.survey_EE12",,,4
"survey_methodology_extra.EE12_C_12",12,25,"¿Realizó o tiene previsto realizar inversiones durante 2012?","View",,,"closed",,"survey_methodology_extra.EE12_C","survey_methodology_extra.survey_EE12",,,4
"survey_methodology_extra.EE12_C_12_a","a",55,"Si","Null",,,"closed",,"survey_methodology_extra.EE12_C_12","survey_methodology_extra.survey_EE12",,,4
"survey_methodology_extra.EE12_C_12_b","b",56,"No","Null",,,"closed",,"survey_methodology_extra.EE12_C_12","survey_methodology_extra.survey_EE12",,,4
"survey_methodology_extra.EE12_C_12_1",1,57,"Para el año 2012, ¿cómo fueron / serán financiadas sus inversiones y en qué proporción?","View",,,"closed",,"survey_methodology_extra.EE12_C_12","survey_methodology_extra.survey_EE12",,,4
"survey_methodology_extra.EE12_C_12_1_1",1,16,"Reinversión de utilidades","Null",,,"closed",,"survey_methodology_extra.EE12_C_12_1","survey_methodology_extra.survey_EE12",,,4
"survey_methodology_extra.EE12_C_12_1_2",2,17,"Aportes de socios o empresas del grupo","Null",,,"closed",,"survey_methodology_extra.EE12_C_12_1","survey_methodology_extra.survey_EE12",,,4
"survey_methodology_extra.EE12_C_12_1_3",3,18,"Aportes de nuevos socios que se incorporaron en 2011","Null",,,"closed",,"survey_methodology_extra.EE12_C_12_1","survey_methodology_extra.survey_EE12",,,4
"survey_methodology_extra.EE12_C_12_1_4",4,19,"Financiamiento Bancario","Null",,,"closed",,"survey_methodology_extra.EE12_C_12_1","survey_methodology_extra.survey_EE12",,,4
"survey_methodology_extra.EE12_C_12_1_5",5,20,"Financiamiento de Proveedores","Null",,,"closed",,"survey_methodology_extra.EE12_C_12_1","survey_methodology_extra.survey_EE12",,,4
"survey_methodology_extra.EE12_C_12_1_6",6,21,"Financiamiento de Clientes","Null",,,"closed",,"survey_methodology_extra.EE12_C_12_1","survey_methodology_extra.survey_EE12",,,4
"survey_methodology_extra.EE12_C_12_1_7",7,22,"Programas Públicos (especificar)","View",,,"closed",,"survey_methodology_extra.EE12_C_12_1","survey_methodology_extra.survey_EE12",,,4
"survey_methodology_extra.EE12_C_12_1_7_a","a",1,"Programas Públicos (especificar)","Null",,,"closed",,"survey_methodology_extra.EE12_C_12_1_7","survey_methodology_extra.survey_EE12",,,4
"survey_methodology_extra.EE12_C_12_1_7_b","b",2,"Programas Públicos (especificar)","Null",,,"closed",,"survey_methodology_extra.EE12_C_12_1_7","survey_methodology_extra.survey_EE12",,,4
"survey_methodology_extra.EE12_C_12_1_8",8,23,"Financiamiento vía el mercado de capitales","Null",,,"closed",,"survey_methodology_extra.EE12_C_12_1","survey_methodology_extra.survey_EE12",,,4
"survey_methodology_extra.EE12_C_12_1_9",9,24,"Otros (especificar)","View",,,"closed",,"survey_methodology_extra.EE12_C_12_1","survey_methodology_extra.survey_EE12",,,4
"survey_methodology_extra.EE12_C_12_1_9_b","b",3,"Otros (especificar)","Null",,,"closed",,"survey_methodology_extra.EE12_C_12_1_9","survey_methodology_extra.survey_EE12",,,4
"survey_methodology_extra.EE12_C_12_1_9_a","a",4,"Otros (especificar)","Null",,,"closed",,"survey_methodology_extra.EE12_C_12_1_9","survey_methodology_extra.survey_EE12",,,4
"survey_methodology_extra.EE12_C_12_2",2,58,"Si fueran desgravadas del Impuesto a las Ganancias las utilidades de la empresa reinvertidas en ella, ¿Ud. aumentaría el monto de sus inversiones durante este año?","View",,,"closed",,"survey_methodology_extra.EE12_C_12","survey_methodology_extra.survey_EE12",,,5
"survey_methodology_extra.EE12_C_12_2_2",2,25,"No","Null",,,"closed",,"survey_methodology_extra.EE12_C_12_2","survey_methodology_extra.survey_EE12",,,5
"survey_methodology_extra.EE12_C_12_2_1",1,26,"Si","Null",,,"closed",,"survey_methodology_extra.EE12_C_12_2","survey_methodology_extra.survey_EE12",,,5
"survey_methodology_extra.EE12_C_12_3",3,59,"¿Por qué motivos no invirtió ni invertirá durante 2012?","View",,,"closed",,"survey_methodology_extra.EE12_C_12","survey_methodology_extra.survey_EE12",,,5
"survey_methodology_extra.EE12_C_12_3_1",1,27,"Porque no existe disponibilidad de fondos propios para financiar nuevas inversiones","View",,,"closed",,"survey_methodology_extra.EE12_C_12_3","survey_methodology_extra.survey_EE12",,,5
"survey_methodology_extra.EE12_C_12_3_1_a","a",5,"Si","Null",,,"closed",,"survey_methodology_extra.EE12_C_12_3_1","survey_methodology_extra.survey_EE12",,,5
"survey_methodology_extra.EE12_C_12_3_1_b","b",6,"No","Null",,,"closed",,"survey_methodology_extra.EE12_C_12_3_1","survey_methodology_extra.survey_EE12",,,5
"survey_methodology_extra.EE12_C_12_3_2",2,28,"Porque no existe disponibilidad de fondos externos para financiar nuevas inversiones","View",,,"closed",,"survey_methodology_extra.EE12_C_12_3","survey_methodology_extra.survey_EE12",,,5
"survey_methodology_extra.EE12_C_12_3_2_b","b",7,"No","Null",,,"closed",,"survey_methodology_extra.EE12_C_12_3_2","survey_methodology_extra.survey_EE12",,,5
"survey_methodology_extra.EE12_C_12_3_2_a","a",8,"Si","Null",,,"closed",,"survey_methodology_extra.EE12_C_12_3_2","survey_methodology_extra.survey_EE12",,,5
"survey_methodology_extra.EE12_C_12_3_3",3,29,"Por la incertidumbre respecto a la evolución de la situación económica nacional","View",,,"closed",,"survey_methodology_extra.EE12_C_12_3","survey_methodology_extra.survey_EE12",,,5
"survey_methodology_extra.EE12_C_12_3_3_a","a",9,"Si","Null",,,"closed",,"survey_methodology_extra.EE12_C_12_3_3","survey_methodology_extra.survey_EE12",,,5
"survey_methodology_extra.EE12_C_12_3_3_b","b",10,"No","Null",,,"closed",,"survey_methodology_extra.EE12_C_12_3_3","survey_methodology_extra.survey_EE12",,,5
"survey_methodology_extra.EE12_C_12_3_4",4,30,"Porque el nivel de demanda esperada (interna y/o externa) no lo justifica","Null",,,"closed",,"survey_methodology_extra.EE12_C_12_3","survey_methodology_extra.survey_EE12",,,5
"survey_methodology_extra.EE12_C_12_3_4_a","a",11,"Si","Null",,,"closed",,"survey_methodology_extra.EE12_C_12_3","survey_methodology_extra.survey_EE12",,,5
"survey_methodology_extra.EE12_C_12_3_4_b","b",12,"No","Null",,,"closed",,"survey_methodology_extra.EE12_C_12_3","survey_methodology_extra.survey_EE12",,,5
"survey_methodology_extra.EE12_C_12_3_5",5,31,"Porque todavía existe capacidad instalada para incrementar la producción","View",,,"closed",,"survey_methodology_extra.EE12_C_12_3","survey_methodology_extra.survey_EE12",,,5
"survey_methodology_extra.EE12_C_12_3_5_b","b",13,"No","Null",,,"closed",,"survey_methodology_extra.EE12_C_12_3_5","survey_methodology_extra.survey_EE12",,,5
"survey_methodology_extra.EE12_C_12_3_5_a","a",14,"Si","Null",,,"closed",,"survey_methodology_extra.EE12_C_12_3_5","survey_methodology_extra.survey_EE12",,,5
"survey_methodology_extra.EE12_C_12_3_6",6,32,"Porque no es oportuno por otros problemas internos a la empresa","View",,,"closed",,"survey_methodology_extra.EE12_C_12_3","survey_methodology_extra.survey_EE12",,,5
"survey_methodology_extra.EE12_C_12_3_6_b","b",15,"No","Null",,,"closed",,"survey_methodology_extra.EE12_C_12_3_6","survey_methodology_extra.survey_EE12",,,5
"survey_methodology_extra.EE12_C_12_3_6_a","a",16,"Si","Null",,,"closed",,"survey_methodology_extra.EE12_C_12_3_6","survey_methodology_extra.survey_EE12",,,5
"survey_methodology_extra.EE12_C_12_3_7",7,33,"Por otro motivo (especificar):","View",,,"closed",,"survey_methodology_extra.EE12_C_12_3","survey_methodology_extra.survey_EE12",,,5
"survey_methodology_extra.EE12_C_12_3_7_1",1,17,"Por otro motivo (especificar):","Null",,,"closed",,"survey_methodology_extra.EE12_C_12_3_7","survey_methodology_extra.survey_EE12",,,5
"survey_methodology_extra.EE12_C_12_3_7_a","a",18,"Si","Null",,,"closed",,"survey_methodology_extra.EE12_C_12_3_7","survey_methodology_extra.survey_EE12",,,5
"survey_methodology_extra.EE12_C_12_3_7_b","b",19,"No","Null",,,"closed",,"survey_methodology_extra.EE12_C_12_3_7","survey_methodology_extra.survey_EE12",,,5
"survey_methodology_extra.EE12_C_12_4",4,60,"Considerando todos los motivos marcados en la pregunta anterior, ¿cuál considera el principal (motivo) por el que no invirtió ni invertirá durante 2012?","Null",,,"closed",,"survey_methodology_extra.EE12_C_12","survey_methodology_extra.survey_EE12",,,5
"survey_methodology_extra.EE12_C_12_5",5,61,"Si fueran desgravadas del Impuesto a las Ganancias las utilidades de la empresa reinvertidas en ella, ¿Ud. realizaría inversiones durante 2012?","View",,,"closed",,"survey_methodology_extra.EE12_C_12","survey_methodology_extra.survey_EE12",,,5
"survey_methodology_extra.EE12_C_12_5_b","b",34,"No","Null",,,"closed",,"survey_methodology_extra.EE12_C_12_5","survey_methodology_extra.survey_EE12",,,5
"survey_methodology_extra.EE12_C_12_5_a","a",35,"Si","Null",,,"closed",,"survey_methodology_extra.EE12_C_12_5","survey_methodology_extra.survey_EE12",,,5
"survey_methodology_extra.EE12_D","D",7,"Desempeño","View",,,"closed",,"survey_methodology_extra.EE12","survey_methodology_extra.survey_EE12",,,5
"survey_methodology_extra.EE12_D_13",13,26,"En el último año, la empresa atravesó una fase de","View",,,"closed",,"survey_methodology_extra.EE12_D","survey_methodology_extra.survey_EE12",,,5
"survey_methodology_extra.EE12_D_13_1",1,62,"crecimiento acelerado","Null",,,"closed",,"survey_methodology_extra.EE12_D_13","survey_methodology_extra.survey_EE12",,,5
"survey_methodology_extra.EE12_D_13_2",2,63,"crecimiento normal","Null",,,"closed",,"survey_methodology_extra.EE12_D_13","survey_methodology_extra.survey_EE12",,,5
"survey_methodology_extra.EE12_D_13_3",3,64,"estancamiento","Null",,,"closed",,"survey_methodology_extra.EE12_D_13","survey_methodology_extra.survey_EE12",,,5
"survey_methodology_extra.EE12_D_13_4",4,65,"achicamiento","Null",,,"closed",,"survey_methodology_extra.EE12_D_13","survey_methodology_extra.survey_EE12",,,5
"survey_methodology_extra.EE12_D_14",14,27,"Qué proporción de la capacidad instalada de la empresa ha utilizado en promedio en 2012 y 2011? (Tenga en cuenta la relación entre la producción efectiva y la producción máxima que podría haber obtenido con la capacidad instalada actual)","View",,,"closed",,"survey_methodology_extra.EE12_D","survey_methodology_extra.survey_EE12",,,5
"survey_methodology_extra.EE12_D_14_1",1,66,"Utilización de la capacidad instalada:","Null",,,"closed",,"survey_methodology_extra.EE12_D_14","survey_methodology_extra.survey_EE12",,,5
"survey_methodology_extra.EE12_D_14_2",2,67,"año 2012 (estimado)","Null",,,"closed",,"survey_methodology_extra.EE12_D_14","survey_methodology_extra.survey_EE12",,,5
"survey_methodology_extra.EE12_D_14_3",3,68,"año 2011","Null",,,"closed",,"survey_methodology_extra.EE12_D_14","survey_methodology_extra.survey_EE12",,,5
"survey_methodology_extra.EE12_D_15",15,28,"¿Cuál fue aproximadamente el monto de ventas de la empresa para los siguientes períodos? (ventas sin IVA y en moneda nacional)","View",,,"closed",,"survey_methodology_extra.EE12_D","survey_methodology_extra.survey_EE12",,,5
"survey_methodology_extra.EE12_D_15_1",1,69,"Año 2012","View",,,"closed",,"survey_methodology_extra.EE12_D_15","survey_methodology_extra.survey_EE12",,,5
"survey_methodology_extra.EE12_D_15_1_1",1,36,"Acumulado Enero-Junio","Null",,,"closed",,"survey_methodology_extra.EE12_D_15_1","survey_methodology_extra.survey_EE12",,,5
"survey_methodology_extra.EE12_D_15_2",2,70,"Año 2011","View",,,"closed",,"survey_methodology_extra.EE12_D_15","survey_methodology_extra.survey_EE12",,,5
"survey_methodology_extra.EE12_D_15_2_1",1,37,"Acumulado Enero-Junio","Null",,,"closed",,"survey_methodology_extra.EE12_D_15_2","survey_methodology_extra.survey_EE12",,,5
"survey_methodology_extra.EE12_D_15_2_2",2,38,"Acumulado Julio-Diciembre","Null",,,"closed",,"survey_methodology_extra.EE12_D_15_2","survey_methodology_extra.survey_EE12",,,5
"survey_methodology_extra.EE12_D_15_2_3",3,39,"Total Ventas 2011","Null",,,"closed",,"survey_methodology_extra.EE12_D_15_2","survey_methodology_extra.survey_EE12",,,5
"survey_methodology_extra.EE12_D_16",16,29,"¿Cuál era la cantidad total de ocupados en la empresa a fines de (por favor, incluya a todas las personas, considerando también a los socios que trabajan en la empresa)","View",,,"closed",,"survey_methodology_extra.EE12_D","survey_methodology_extra.survey_EE12",,,6
"survey_methodology_extra.EE12_D_16_1",1,71,"Año 2012","View",,,"closed",,"survey_methodology_extra.EE12_D_16","survey_methodology_extra.survey_EE12",,,6
"survey_methodology_extra.EE12_D_16_1_1",1,40,"junio de 2012?","Null",,,"closed",,"survey_methodology_extra.EE12_D_16_1","survey_methodology_extra.survey_EE12",,,6
"survey_methodology_extra.EE12_D_16_2",2,72,"Año 2011","View",,,"closed",,"survey_methodology_extra.EE12_D_16","survey_methodology_extra.survey_EE12",,,6
"survey_methodology_extra.EE12_D_16_2_1",1,41,"junio de 2011?","Null",,,"closed",,"survey_methodology_extra.EE12_D_16_2","survey_methodology_extra.survey_EE12",,,6
"survey_methodology_extra.EE12_D_16_2_2",2,42,"diciembre de 2011?","Null",,,"closed",,"survey_methodology_extra.EE12_D_16_2","survey_methodology_extra.survey_EE12",,,6
"survey_methodology_extra.EE12_E","E",8,"Comercio exterior","View",,,"closed",,"survey_methodology_extra.EE12","survey_methodology_extra.survey_EE12",,,6
"survey_methodology_extra.EE12_E_17",17,30,"¿Considera que las importaciones amenazan severamente las ventas de la empresa al mercado interno?","View",,,"closed",,"survey_methodology_extra.EE12_E","survey_methodology_extra.survey_EE12",,,6
"survey_methodology_extra.EE12_E_17_a","a",73,"Si","Null",,,"closed",,"survey_methodology_extra.EE12_E_17","survey_methodology_extra.survey_EE12",,,6
"survey_methodology_extra.EE12_E_17_b","b",74,"No","Null",,,"closed",,"survey_methodology_extra.EE12_E_17","survey_methodology_extra.survey_EE12",,,6
"survey_methodology_extra.EE12_E_17_1",1,75,"Indique de qué país proviene la principal amenaza:","View",,,"closed",,"survey_methodology_extra.EE12_E_17","survey_methodology_extra.survey_EE12",,,6
"survey_methodology_extra.EE12_E_17_1_1",1,43,"Para uso interno","Null",,,"closed",,"survey_methodology_extra.EE12_E_17_1","survey_methodology_extra.survey_EE12",,,6
"survey_methodology_extra.EE12_E_17_2",2,76,"¿Ha caído su participación en el mercado interno a manos de importaciones en el último año?","View",,,"closed",,"survey_methodology_extra.EE12_E_17","survey_methodology_extra.survey_EE12",,,6
"survey_methodology_extra.EE12_E_17_2_1",1,44,"Si","Null",,,"closed",,"survey_methodology_extra.EE12_E_17_2","survey_methodology_extra.survey_EE12",,,6
"survey_methodology_extra.EE12_E_17_2_2",2,45,"No","Null",,,"closed",,"survey_methodology_extra.EE12_E_17_2","survey_methodology_extra.survey_EE12",,,6
"survey_methodology_extra.EE12_E_18",18,31,"¿Cuál fue la participación porcentual de las exportaciones en el total de las ventas del(por favor, si no exportó, indique el valor “0%” (cero) donde corresponda)","View",,,"closed",,"survey_methodology_extra.EE12_E","survey_methodology_extra.survey_EE12",,,6
"survey_methodology_extra.EE12_E_18_1",1,77,"año 2012? (estimado)","Null",,,"closed",,"survey_methodology_extra.EE12_E_18","survey_methodology_extra.survey_EE12",,,6
"survey_methodology_extra.EE12_E_18_2",2,78,"año 2011? (estimado)","Null",,,"closed",,"survey_methodology_extra.EE12_E_18","survey_methodology_extra.survey_EE12",,,6
"survey_methodology_extra.EE12_E_19",19,32,"¿En cuáles de las siguientes áreas geográficas y en qué porcentaje se concentrarán las exportaciones realizadas/a realizar en el año 2012? (la suma de los porcentajes debe ser igual a 100%)","View",,,"closed",,"survey_methodology_extra.EE12_E","survey_methodology_extra.survey_EE12",,,6
"survey_methodology_extra.EE12_E_19_1",1,79,"Brasil","Null",,,"closed",,"survey_methodology_extra.EE12_E_19","survey_methodology_extra.survey_EE12",,,6
"survey_methodology_extra.EE12_E_19_2",2,80,"Uruguay","Null",,,"closed",,"survey_methodology_extra.EE12_E_19","survey_methodology_extra.survey_EE12",,,6
"survey_methodology_extra.EE12_E_19_3",3,81,"Paraguay","Null",,,"closed",,"survey_methodology_extra.EE12_E_19","survey_methodology_extra.survey_EE12",,,6
"survey_methodology_extra.EE12_E_19_4",4,82,"Chile","Null",,,"closed",,"survey_methodology_extra.EE12_E_19","survey_methodology_extra.survey_EE12",,,6
"survey_methodology_extra.EE12_E_19_5",5,83,"México","Null",,,"closed",,"survey_methodology_extra.EE12_E_19","survey_methodology_extra.survey_EE12",,,6
"survey_methodology_extra.EE12_E_19_6",6,84,"Resto de América Latina y el Caribe","Null",,,"closed",,"survey_methodology_extra.EE12_E_19","survey_methodology_extra.survey_EE12",,,6
"survey_methodology_extra.EE12_E_19_7",7,85,"Unión Europea (*)","Null",,,"closed",,"survey_methodology_extra.EE12_E_19","survey_methodology_extra.survey_EE12",,,6
"survey_methodology_extra.EE12_E_19_8",8,86,"Estados Unidos y Canadá","Null",,,"closed",,"survey_methodology_extra.EE12_E_19","survey_methodology_extra.survey_EE12",,,6
"survey_methodology_extra.EE12_E_19_9",9,87,"China","Null",,,"closed",,"survey_methodology_extra.EE12_E_19","survey_methodology_extra.survey_EE12",,,6
"survey_methodology_extra.EE12_E_19_10",10,88,"India","Null",,,"closed",,"survey_methodology_extra.EE12_E_19","survey_methodology_extra.survey_EE12",,,6
"survey_methodology_extra.EE12_E_19_11",11,89,"Sudeste Asiático (Filipinas, Indonesia, Malasia y Tailandia)","Null",,,"closed",,"survey_methodology_extra.EE12_E_19","survey_methodology_extra.survey_EE12",,,6
"survey_methodology_extra.EE12_E_19_12",12,90,"Resto de Asia","Null",,,"closed",,"survey_methodology_extra.EE12_E_19","survey_methodology_extra.survey_EE12",,,6
"survey_methodology_extra.EE12_E_19_13",13,91,"Otros destinos (especificar)","View",,,"closed",,"survey_methodology_extra.EE12_E_19","survey_methodology_extra.survey_EE12",,,6
"survey_methodology_extra.EE12_E_19_13_a","a",46,"Otros destinos (especificar)","Null",,,"closed",,"survey_methodology_extra.EE12_E_19_13","survey_methodology_extra.survey_EE12",,,6
"survey_methodology_extra.EE12_E_19_13_b","b",47,"Otros destinos (especificar)","Null",,,"closed",,"survey_methodology_extra.EE12_E_19_13","survey_methodology_extra.survey_EE12",,,6
"survey_methodology_extra.EE12_E_20",20,33,"¿Cómo evolucionó el precio de venta (en dólares) de su principal producto exportado en el año 2012 (estimado) respecto a 2011?","View",,,"closed",,"survey_methodology_extra.EE12_E","survey_methodology_extra.survey_EE12",,,7
"survey_methodology_extra.EE12_E_20_1",1,92,"Aumentó","Null",,,"closed",,"survey_methodology_extra.EE12_E_20","survey_methodology_extra.survey_EE12",,,7
"survey_methodology_extra.EE12_E_20_2",2,93,"No varió","Null",,,"closed",,"survey_methodology_extra.EE12_E_20","survey_methodology_extra.survey_EE12",,,7
"survey_methodology_extra.EE12_E_20_3",3,94,"Disminuyó","Null",,,"closed",,"survey_methodology_extra.EE12_E_20","survey_methodology_extra.survey_EE12",,,7
"survey_methodology_extra.EE12_E_20_POR","POR",95,"En que porcentaje?","Null",,,"closed",,"survey_methodology_extra.EE12_E_20","survey_methodology_extra.survey_EE12",,,7
"survey_methodology_extra.EE12_E_21",21,34,"¿En qué año comenzó a exportar? (por favor, expresar en números)","View",,,"closed",,"survey_methodology_extra.EE12_E","survey_methodology_extra.survey_EE12",,,7
"survey_methodology_extra.EE12_E_21_1",1,96,"Año","Null",,,"closed",,"survey_methodology_extra.EE12_E_21","survey_methodology_extra.survey_EE12",,,7
"survey_methodology_extra.EE12_E_22",22,35,"Para poder exportar, ¿la empresa realizó algunos de los siguientes cambios?","View",,,"closed",,"survey_methodology_extra.EE12_E","survey_methodology_extra.survey_EE12",,,7
"survey_methodology_extra.EE12_E_22_1",1,97,"Para poder exportar, ¿la empresa realizó algunos de los siguientes cambios? (por favor, lea todos los cambios y marque una opción por fila)","View",,,"closed",,"survey_methodology_extra.EE12_E_22","survey_methodology_extra.survey_EE12",,,7
"survey_methodology_extra.EE12_E_22_1_1",1,48,"Elaboración de un nuevo producto","View",,,"closed",,"survey_methodology_extra.EE12_E_22_1","survey_methodology_extra.survey_EE12",,,7
"survey_methodology_extra.EE12_E_22_1_1_1",1,20,"Si","Null",,,"closed",,"survey_methodology_extra.EE12_E_22_1_1","survey_methodology_extra.survey_EE12",,,7
"survey_methodology_extra.EE12_E_22_1_1_2",2,21,"No","Null",,,"closed",,"survey_methodology_extra.EE12_E_22_1_1","survey_methodology_extra.survey_EE12",,,7
"survey_methodology_extra.EE12_E_22_1_2",2,49,"Mejora significativa de los productos ya existentes","View",,,"closed",,"survey_methodology_extra.EE12_E_22","survey_methodology_extra.survey_EE12",,,7
"survey_methodology_extra.EE12_E_22_1_2_1",1,22,"Si","Null",,,"closed",,"survey_methodology_extra.EE12_E_22_1_2","survey_methodology_extra.survey_EE12",,,7
"survey_methodology_extra.EE12_E_22_1_2_2",2,23,"No","Null",,,"closed",,"survey_methodology_extra.EE12_E_22_1_2","survey_methodology_extra.survey_EE12",,,7
"survey_methodology_extra.EE12_E_22_1_3",3,50,"Modificación marginal de los productos ya existentes","View",,,"closed",,"survey_methodology_extra.EE12_E_22","survey_methodology_extra.survey_EE12",,,7
"survey_methodology_extra.EE12_E_22_1_3_2",2,24,"No","Null",,,"closed",,"survey_methodology_extra.EE12_E_22_1_3","survey_methodology_extra.survey_EE12",,,7
"survey_methodology_extra.EE12_E_22_1_3_1",1,25,"Si","Null",,,"closed",,"survey_methodology_extra.EE12_E_22_1_3","survey_methodology_extra.survey_EE12",,,7
"survey_methodology_extra.EE12_E_22_1_4",4,51,"Implementación de certificaciones de calidad de productos y/o procesos (ej.: normas ISO)","View",,,"closed",,"survey_methodology_extra.EE12_E_22","survey_methodology_extra.survey_EE12",,,7
"survey_methodology_extra.EE12_E_22_1_4_1",1,26,"Si","Null",,,"closed",,"survey_methodology_extra.EE12_E_22_1_4","survey_methodology_extra.survey_EE12",,,7
"survey_methodology_extra.EE12_E_22_1_4_2",2,27,"No","Null",,,"closed",,"survey_methodology_extra.EE12_E_22_1_4","survey_methodology_extra.survey_EE12",,,7
"survey_methodology_extra.EE12_E_22_1_5",5,52,"Mejora en servicios post-venta","View",,,"closed",,"survey_methodology_extra.EE12_E_22","survey_methodology_extra.survey_EE12",,,7
"survey_methodology_extra.EE12_E_22_1_5_1",1,28,"Si","Null",,,"closed",,"survey_methodology_extra.EE12_E_22_1_5","survey_methodology_extra.survey_EE12",,,7
"survey_methodology_extra.EE12_E_22_1_5_2",2,29,"No","Null",,,"closed",,"survey_methodology_extra.EE12_E_22_1_5","survey_methodology_extra.survey_EE12",,,7
"survey_methodology_extra.EE12_E_22_1_6",6,53,"Implementación de un nuevo proceso de elaboración de productos","View",,,"closed",,"survey_methodology_extra.EE12_E_22","survey_methodology_extra.survey_EE12",,,7
"survey_methodology_extra.EE12_E_22_1_6_1",1,30,"Si","Null",,,"closed",,"survey_methodology_extra.EE12_E_22_1_6","survey_methodology_extra.survey_EE12",,,7
"survey_methodology_extra.EE12_E_22_1_6_2",2,31,"No","Null",,,"closed",,"survey_methodology_extra.EE12_E_22_1_6","survey_methodology_extra.survey_EE12",,,7
"survey_methodology_extra.EE12_E_22_1_7",7,54,"Modificación significativa en los procesos productivos ya implementados","View",,,"closed",,"survey_methodology_extra.EE12_E_22","survey_methodology_extra.survey_EE12",,,7
"survey_methodology_extra.EE12_E_22_1_7_1",1,32,"Si","Null",,,"closed",,"survey_methodology_extra.EE12_E_22_1_7","survey_methodology_extra.survey_EE12",,,7
"survey_methodology_extra.EE12_E_22_1_7_2",2,33,"No","Null",,,"closed",,"survey_methodology_extra.EE12_E_22_1_7","survey_methodology_extra.survey_EE12",,,7
"survey_methodology_extra.EE12_E_22_1_8",8,55,"Cambios en los sistemas de logística, métodos de distribución o provisión","View",,,"closed",,"survey_methodology_extra.EE12_E_22","survey_methodology_extra.survey_EE12",,,7
"survey_methodology_extra.EE12_E_22_1_8_1",1,34,"Si","Null",,,"closed",,"survey_methodology_extra.EE12_E_22_1_8","survey_methodology_extra.survey_EE12",,,7
"survey_methodology_extra.EE12_E_22_1_8_2",2,35,"No","Null",,,"closed",,"survey_methodology_extra.EE12_E_22_1_8","survey_methodology_extra.survey_EE12",,,7
"survey_methodology_extra.EE12_E_22_1_9",9,56,"Otro (especificar):","View",,,"closed",,"survey_methodology_extra.EE12_E_22","survey_methodology_extra.survey_EE12",,,7
"survey_methodology_extra.EE12_E_22_1_9_1",1,36,"Si","Null",,,"closed",,"survey_methodology_extra.EE12_E_22_1_9","survey_methodology_extra.survey_EE12",,,7
"survey_methodology_extra.EE12_E_22_1_9_2",2,37,"No","Null",,,"closed",,"survey_methodology_extra.EE12_E_22_1_9","survey_methodology_extra.survey_EE12",,,7
"survey_methodology_extra.EE12_E_22_1_9_a","a",38,"Especificar","Null",,,"closed",,"survey_methodology_extra.EE12_E_22_1","survey_methodology_extra.survey_EE12",,,7
"survey_methodology_extra.EE12_E_23",23,36,"Bajo qué modalidades realiza habitualmente sus exportaciones?(por favor, marque una opción por fila)","View",,,"closed",,"survey_methodology_extra.EE12_E","survey_methodology_extra.survey_EE12",,,7
"survey_methodology_extra.EE12_E_23_1",1,98,"De manera directa (vendedor de la empresa, agente, distribuidor en el mercado de destino) con su cliente final en el exterior","View",,,"closed",,"survey_methodology_extra.EE12_E_23","survey_methodology_extra.survey_EE12",,,7
"survey_methodology_extra.EE12_E_23_1_a",1,57,"Si","Null",,,"closed",,"survey_methodology_extra.EE12_E_23_1","survey_methodology_extra.survey_EE12",,,7
"survey_methodology_extra.EE12_E_23_1_b",2,58,"No","Null",,,"closed",,"survey_methodology_extra.EE12_E_23_1","survey_methodology_extra.survey_EE12",,,7
"survey_methodology_extra.EE12_E_23_2",2,99,"A través de una empresa comercializadora (trading, broker, comprador extranjero)","View",,,"closed",,"survey_methodology_extra.EE12_E_23","survey_methodology_extra.survey_EE12",,,7
"survey_methodology_extra.EE12_E_23_2_a",1,59,"Si","Null",,,"closed",,"survey_methodology_extra.EE12_E_23_2","survey_methodology_extra.survey_EE12",,,7
"survey_methodology_extra.EE12_E_23_2_b",2,60,"No","Null",,,"closed",,"survey_methodology_extra.EE12_E_23_2","survey_methodology_extra.survey_EE12",,,7
"survey_methodology_extra.EE12_E_23_3",3,100,"Otra forma (especificar):","View",,,"closed",,"survey_methodology_extra.EE12_E_23","survey_methodology_extra.survey_EE12",,,7
"survey_methodology_extra.EE12_E_23_3_1",1,61,"Si","Null",,,"closed",,"survey_methodology_extra.EE12_E_23_3","survey_methodology_extra.survey_EE12",,,7
"survey_methodology_extra.EE12_E_23_3_2",2,62,"No","Null",,,"closed",,"survey_methodology_extra.EE12_E_23_3","survey_methodology_extra.survey_EE12",,,7
"survey_methodology_extra.EE12_E_23_3_e","e",63,"Especificar","Null",,,"closed",,"survey_methodology_extra.EE12_E_23_3","survey_methodology_extra.survey_EE12",,,7
"survey_methodology_extra.EE12_E_24",24,37,"En el último año, ¿cómo piensa Ud. que evolucionaron...(por favor, marque una opción por fila)","View",,,"closed",,"survey_methodology_extra.EE12_E","survey_methodology_extra.survey_EE12",,,7
"survey_methodology_extra.EE12_E_24_1",1,101,"En el último año, ¿cómo piensa Ud. que evolucionaron...(por favor, marque una opción por fila)","View",,,"closed",,"survey_methodology_extra.EE12_E_24","survey_methodology_extra.survey_EE12",,,7
"survey_methodology_extra.EE12_E_24_1_1",1,64,"los plazos de reintegros de exportaciones? (exceptuando saldo técnico de IVA de exportaciones)","View",,,"closed",,"survey_methodology_extra.EE12_E_24_1","survey_methodology_extra.survey_EE12",,,7
"survey_methodology_extra.EE12_E_24_1_1_a","a",39,"Empeoró","Null",,,"closed",,"survey_methodology_extra.EE12_E_24_1_1","survey_methodology_extra.survey_EE12",,,7
"survey_methodology_extra.EE12_E_24_1_1_b","b",40,"Está igual","Null",,,"closed",,"survey_methodology_extra.EE12_E_24_1_1","survey_methodology_extra.survey_EE12",,,7
"survey_methodology_extra.EE12_E_24_1_1_c","c",41,"Mejoró","Null",,,"closed",,"survey_methodology_extra.EE12_E_24_1_1","survey_methodology_extra.survey_EE12",,,7
"survey_methodology_extra.EE12_E_24_1_2",2,65,"los plazos de devolución de Saldo Técnico de IVA de exportaciones?","View",,,"closed",,"survey_methodology_extra.EE12_E_24_1","survey_methodology_extra.survey_EE12",,,7
"survey_methodology_extra.EE12_E_24_1_2_a","a",42,"Empeoró","Null",,,"closed",,"survey_methodology_extra.EE12_E_24_1_2","survey_methodology_extra.survey_EE12",,,7
"survey_methodology_extra.EE12_E_24_1_2_b","b",43,"Está igual","Null",,,"closed",,"survey_methodology_extra.EE12_E_24_1_2","survey_methodology_extra.survey_EE12",,,7
"survey_methodology_extra.EE12_E_24_1_2_c","c",44,"Mejoró","Null",,,"closed",,"survey_methodology_extra.EE12_E_24_1_2","survey_methodology_extra.survey_EE12",,,7
"survey_methodology_extra.EE12_E_24_1_2_d","d",45,"No sabe","Null",,,"closed",,"survey_methodology_extra.EE12_E_24_1_2","survey_methodology_extra.survey_EE12",,,7
"survey_methodology_extra.EE12_E_24_1_3",3,66,"la rentabilidad de la actividad exportadora?","View",,,"closed",,"survey_methodology_extra.EE12_E_24_1","survey_methodology_extra.survey_EE12",,,7
"survey_methodology_extra.EE12_E_24_1_3_a","a",46,"Empeoró","Null",,,"closed",,"survey_methodology_extra.EE12_E_24_1_3","survey_methodology_extra.survey_EE12",,,7
"survey_methodology_extra.EE12_E_24_1_3_b","b",47,"Está igual","Null",,,"closed",,"survey_methodology_extra.EE12_E_24_1_3","survey_methodology_extra.survey_EE12",,,7
"survey_methodology_extra.EE12_E_24_1_3_c","c",48,"Mejoró","Null",,,"closed",,"survey_methodology_extra.EE12_E_24_1_3","survey_methodology_extra.survey_EE12",,,7
"survey_methodology_extra.EE12_E_24_1_3_d","d",49,"No sabe","Null",,,"closed",,"survey_methodology_extra.EE12_E_24_1_3","survey_methodology_extra.survey_EE12",,,7
"survey_methodology_extra.EE12_E_24_1_4",4,67,"la disponibilidad de capital de trabajo para exportar?","View",,,"closed",,"survey_methodology_extra.EE12_E_24_1","survey_methodology_extra.survey_EE12",,,7
"survey_methodology_extra.EE12_E_24_1_4_a","a",50,"Empeoró","Null",,,"closed",,"survey_methodology_extra.EE12_E_24_1_4","survey_methodology_extra.survey_EE12",,,7
"survey_methodology_extra.EE12_E_24_1_4_b","b",51,"Está igual","Null",,,"closed",,"survey_methodology_extra.EE12_E_24_1_4","survey_methodology_extra.survey_EE12",,,7
"survey_methodology_extra.EE12_E_24_1_4_c","c",52,"Mejoró","Null",,,"closed",,"survey_methodology_extra.EE12_E_24_1_4","survey_methodology_extra.survey_EE12",,,7
"survey_methodology_extra.EE12_E_24_1_4_d","d",53,"No sabe","Null",,,"closed",,"survey_methodology_extra.EE12_E_24_1_4","survey_methodology_extra.survey_EE12",,,7
"survey_methodology_extra.EE12_E_24_2",2,102,"¿La empresa usa actualmente la DEJUAUTO (utilización de créditos fiscales) para financiar los derechos de exportación?","View",,,"closed",,"survey_methodology_extra.EE12_E_24","survey_methodology_extra.survey_EE12",,,8
"survey_methodology_extra.EE12_E_24_2_1",1,68,"Si","Null",,,"closed",,"survey_methodology_extra.EE12_E_24_2","survey_methodology_extra.survey_EE12",,,8
"survey_methodology_extra.EE12_E_24_2_2",2,69,"No","Null",,,"closed",,"survey_methodology_extra.EE12_E_24_2","survey_methodology_extra.survey_EE12",,,8
"survey_methodology_extra.EE12_E_25",25,38,"¿Por qué motivos no exportó ni exportará durante 2012?","View",,,"closed",,"survey_methodology_extra.EE12_E","survey_methodology_extra.survey_EE12",,,8
"survey_methodology_extra.EE12_E_25_1",1,103,"No existe la infraestructura necesaria para la logística en la región (deficiencia o falta de vías férreas, rutas, puertos, etc.)","View",,,"closed",,"survey_methodology_extra.EE12_E_25","survey_methodology_extra.survey_EE12",,,8
"survey_methodology_extra.EE12_E_25_1_a","a",70,"Si","Variable","E_25_1_a","survey_methodology_extra.format_Boolean","disabled","True:EE12_E_25_1_b:","survey_methodology_extra.EE12_E_25_1","survey_methodology_extra.survey_EE12",,,8
"survey_methodology_extra.EE12_E_25_1_b","b",71,"No","Variable","E_25_1_b","survey_methodology_extra.format_Boolean","disabled","True:EE12_E_25_2_a:","survey_methodology_extra.EE12_E_25_1","survey_methodology_extra.survey_EE12",,,8
"survey_methodology_extra.EE12_E_25_2",2,104,"Los costos de logística que implica la exportación son elevados","View",,,"closed",,"survey_methodology_extra.EE12_E_25","survey_methodology_extra.survey_EE12",,,8
"survey_methodology_extra.EE12_E_25_2_a","a",72,"Si","Variable","E_25_2_a","survey_methodology_extra.format_Boolean","disabled","True:EE12_E_25_2_b:","survey_methodology_extra.EE12_E_25_2","survey_methodology_extra.survey_EE12",,,8
"survey_methodology_extra.EE12_E_25_2_b","b",73,"No","Variable","E_25_2_b","survey_methodology_extra.format_Boolean","disabled","True:EE12_E_25_3_a:","survey_methodology_extra.EE12_E_25_2","survey_methodology_extra.survey_EE12",,,8
"survey_methodology_extra.EE12_E_25_3",3,105,"No puede acceder al financiamiento necesario para exportar","View",,,"closed",,"survey_methodology_extra.EE12_E_25","survey_methodology_extra.survey_EE12",,,8
"survey_methodology_extra.EE12_E_25_3_a","a",74,"Si","Variable","E_25_3_a","survey_methodology_extra.format_Boolean","disabled","True:EE12_E_25_3_b:","survey_methodology_extra.EE12_E_25_3","survey_methodology_extra.survey_EE12",,,8
"survey_methodology_extra.EE12_E_25_3_b","b",75,"No","Variable","E_25_3_b","survey_methodology_extra.format_Boolean","disabled","True:EE12_E_25_4_a:","survey_methodology_extra.EE12_E_25_3","survey_methodology_extra.survey_EE12",,,8
"survey_methodology_extra.EE12_E_25_4",4,106,"Los costos de producción superan el precio internacional, por lo que no es rentable exportar","View",,,"closed",,"survey_methodology_extra.EE12_E_25","survey_methodology_extra.survey_EE12",,,8
"survey_methodology_extra.EE12_E_25_4_a","a",76,"Si","Variable","E_25_4_a","survey_methodology_extra.format_Boolean","disabled","True:EE12_E_25_4_b:","survey_methodology_extra.EE12_E_25_4","survey_methodology_extra.survey_EE12",,,8
"survey_methodology_extra.EE12_E_25_4_b","b",77,"No","Variable","E_25_4_b","survey_methodology_extra.format_Boolean","disabled","True:EE12_E_25_5_a:","survey_methodology_extra.EE12_E_25_4","survey_methodology_extra.survey_EE12",,,8
"survey_methodology_extra.EE12_E_25_5",5,107,"No hay demanda para su producto en el mercado externo","View",,,"closed",,"survey_methodology_extra.EE12_E_25","survey_methodology_extra.survey_EE12",,,8
"survey_methodology_extra.EE12_E_25_5_a","a",78,"Si","Variable","E_25_5_a","survey_methodology_extra.format_Boolean","disabled","True:EE12_E_25_5_b:","survey_methodology_extra.EE12_E_25_5","survey_methodology_extra.survey_EE12",,,8
"survey_methodology_extra.EE12_E_25_5_b","b",79,"No","Variable","E_25_5_b","survey_methodology_extra.format_Boolean","disabled","True:EE12_E_25_6_a:","survey_methodology_extra.EE12_E_25_5","survey_methodology_extra.survey_EE12",,,8
"survey_methodology_extra.EE12_E_25_6",6,108,"No puede cumplir con los estándares requeridos en mercados internacionales (normas o exigencias de mercados internacionales)","View",,,"closed",,"survey_methodology_extra.EE12_E_25","survey_methodology_extra.survey_EE12",,,8
"survey_methodology_extra.EE12_E_25_6_a","a",80,"Si","Variable","E_25_6_a","survey_methodology_extra.format_Boolean","disabled","True:EE12_E_25_6_b:","survey_methodology_extra.EE12_E_25_6","survey_methodology_extra.survey_EE12",,,8
"survey_methodology_extra.EE12_E_25_6_b","b",81,"No","Variable","E_25_6_b","survey_methodology_extra.format_Boolean","disabled","True:EE12_E_25_7_a:","survey_methodology_extra.EE12_E_25_6","survey_methodology_extra.survey_EE12",,,8
"survey_methodology_extra.EE12_E_25_7",7,109,"La burocracia aduanera y los procedimientos administrativos para exportar son complejos","View",,,"closed",,"survey_methodology_extra.EE12_E_25","survey_methodology_extra.survey_EE12",,,8
"survey_methodology_extra.EE12_E_25_7_a","a",82,"Si","Variable","E_25_7_a","survey_methodology_extra.format_Boolean","disabled","True:EE12_E_25_7_b:","survey_methodology_extra.EE12_E_25_7","survey_methodology_extra.survey_EE12",,,8
"survey_methodology_extra.EE12_E_25_7_b","b",83,"No""","Variable","E_25_7_b","survey_methodology_extra.format_Boolean","disabled","True:EE12_E_25_8_a:","survey_methodology_extra.EE12_E_25_7","survey_methodology_extra.survey_EE12",,,8
"survey_methodology_extra.EE12_E_25_8",8,110,"Existen barreras arancelarias y/o no arancelarias en mercados internacionales que le impiden exportar (cupos, certificaciones, etc.)","View",,,"closed",,"survey_methodology_extra.EE12_E_25","survey_methodology_extra.survey_EE12",,,8
"survey_methodology_extra.EE12_E_25_8_a","a",84,"Si","Variable","E_25_8_a","survey_methodology_extra.format_Boolean","disabled","True:EE12_E_25_8_b:","survey_methodology_extra.EE12_E_25_8","survey_methodology_extra.survey_EE12",,,8
"survey_methodology_extra.EE12_E_25_8_b","b",85,"No""","Variable","E_25_8_b","survey_methodology_extra.format_Boolean","disabled","True:EE12_E_25_9_a:","survey_methodology_extra.EE12_E_25_8","survey_methodology_extra.survey_EE12",,,8
"survey_methodology_extra.EE12_E_25_9",9,111,"La escala de producción de la empresa es insuficiente para exportar","View",,,"closed",,"survey_methodology_extra.EE12_E_25","survey_methodology_extra.survey_EE12",,,8
"survey_methodology_extra.EE12_E_25_9_a","a",86,"Si","Variable","E_25_9_a","survey_methodology_extra.format_Boolean","disabled","True:EE12_E_25_9_b:","survey_methodology_extra.EE12_E_25_9","survey_methodology_extra.survey_EE12",,,8
"survey_methodology_extra.EE12_E_25_9_b","b",87,"No""","Variable","E_25_9_b","survey_methodology_extra.format_Boolean","disabled","True:EE12_E_25_10_a:","survey_methodology_extra.EE12_E_25_9","survey_methodology_extra.survey_EE12",,,8
"survey_methodology_extra.EE12_E_25_10",10,112,"Los costos de llevar a cabo una política de desarrollo comercial para exportar son elevados (plan de marketing, publicidad, comercialización, etc.)","View",,,"closed",,"survey_methodology_extra.EE12_E_25","survey_methodology_extra.survey_EE12",,,8
"survey_methodology_extra.EE12_E_25_10_a","a",88,"Si","Variable","E_25_10_a","survey_methodology_extra.format_Boolean","disabled","True:EE12_E_25_10_b:","survey_methodology_extra.EE12_E_25_10","survey_methodology_extra.survey_EE12",,,8
"survey_methodology_extra.EE12_E_25_10_b","b",89,"No""","Variable","E_25_10_b","survey_methodology_extra.format_Boolean","disabled","True:EE12_E_25_11_a:","survey_methodology_extra.EE12_E_25_10","survey_methodology_extra.survey_EE12",,,8
"survey_methodology_extra.EE12_E_25_11",11,113,"No está interesado en exportar","View",,,"closed",,"survey_methodology_extra.EE12_E_25","survey_methodology_extra.survey_EE12",,,8
"survey_methodology_extra.EE12_E_25_11_a","a",90,"Si","Variable","E_25_11_a","survey_methodology_extra.format_Boolean","disabled","True:EE12_E_25_11_b:","survey_methodology_extra.EE12_E_25_11","survey_methodology_extra.survey_EE12",,,8
"survey_methodology_extra.EE12_E_25_11_b","b",91,"No""","Variable","E_25_11_b","survey_methodology_extra.format_Boolean","disabled","True:EE12_E_25_12_1:","survey_methodology_extra.EE12_E_25_11","survey_methodology_extra.survey_EE12",,,8
"survey_methodology_extra.EE12_E_25_12",12,114,"Otro motivo (especificar):","View",,,"closed",,"survey_methodology_extra.EE12_E_25","survey_methodology_extra.survey_EE12",,,8
"survey_methodology_extra.EE12_E_25_12_1",1,92,"No está interesado en exportar","Variable","E_25_12_1","survey_methodology_extra.format_Char","disabled","True:EE12_E_25_12_a:","survey_methodology_extra.EE12_E_25_12","survey_methodology_extra.survey_EE12",,,8
"survey_methodology_extra.EE12_E_25_12_a","a",93,"Si","Variable","E_25_12_a","survey_methodology_extra.format_Boolean","disabled","True:EE12_E_25_12_b:","survey_methodology_extra.EE12_E_25_12","survey_methodology_extra.survey_EE12",,,8
"survey_methodology_extra.EE12_E_25_12_b","b",94,"No","Variable","E_25_12_b","survey_methodology_extra.format_Boolean","disabled","True:EE12_E_26_1:","survey_methodology_extra.EE12_E_25_12","survey_methodology_extra.survey_EE12",,,8
"survey_methodology_extra.EE12_E_26",26,39,"¿Cuán relevantes considera los siguientes instrumentos públicos para el fomento de la exportación?, considerando “1” como Nada relevante y “10” como Muy relevante.""","View",,,"closed",,"survey_methodology_extra.EE12_E","survey_methodology_extra.survey_EE12",,,8
"survey_methodology_extra.EE12_E_26_1",1,115,"Incentivos fiscales","Variable","E_26_1","survey_methodology_extra.format_Char","disabled","True:EE12_E_26_2:","survey_methodology_extra.EE12_E_26","survey_methodology_extra.survey_EE12",,,8
"survey_methodology_extra.EE12_E_26_2",2,116,"Programas de subsidios/financiamiento para la realización de exportaciones","Variable","E_26_2","survey_methodology_extra.format_Char","disabled","True:EE12_E_26_3:","survey_methodology_extra.EE12_E_26","survey_methodology_extra.survey_EE12",,,8
"survey_methodology_extra.EE12_E_26_3",3,117,"Programas de asistencia técnica para exportar","Variable","E_26_3","survey_methodology_extra.format_Char","disabled","True:EE12_E_26_4:","survey_methodology_extra.EE12_E_26","survey_methodology_extra.survey_EE12",,,8
"survey_methodology_extra.EE12_E_26_4",4,118,"Otros (especificar)","Variable","E_26_4","survey_methodology_extra.format_Char","disabled","True:EE12_E_27_1_a:","survey_methodology_extra.EE12_E_26","survey_methodology_extra.survey_EE12",,,8
"survey_methodology_extra.EE12_E_27",27,40,"Para los años 2011 y 2012, ¿qué porcentaje del gasto total en insumos y bienes intermedios(*) utilizados para la producción... (la suma de cada columna debe ser 100%)","View",,,"closed",,"survey_methodology_extra.EE12_E","survey_methodology_extra.survey_EE12",,,8
"survey_methodology_extra.EE12_E_27_1",1,119,"son producidos en el país?","View",,,"closed",,"survey_methodology_extra.EE12_E_27","survey_methodology_extra.survey_EE12",,,8
"survey_methodology_extra.EE12_E_27_1_a","a",95,"Año 2012 (estimado)","Variable","E_27_1_a","survey_methodology_extra.format_Char","disabled","True:EE12_E_27_1_b:","survey_methodology_extra.EE12_E_27_1","survey_methodology_extra.survey_EE12",,,8
"survey_methodology_extra.EE12_E_27_1_b","b",96,"Año 2011","Variable","E_27_1_b","survey_methodology_extra.format_Char","disabled","True:EE12_E_27_2_a:","survey_methodology_extra.EE12_E_27_1","survey_methodology_extra.survey_EE12",,,8
"survey_methodology_extra.EE12_E_27_2",2,120,"NO son producidos en el país?","View",,,"closed",,"survey_methodology_extra.EE12_E_27","survey_methodology_extra.survey_EE12",,,8
"survey_methodology_extra.EE12_E_27_2_a","a",97,"Año 2012 (estimado)","Variable","E_27_2_a","survey_methodology_extra.format_Char","disabled","True:EE12_E_27_2_b:","survey_methodology_extra.EE12_E_27_2","survey_methodology_extra.survey_EE12",,,8
"survey_methodology_extra.EE12_E_27_2_b","b",98,"Año 2011","Variable","E_27_2_b","survey_methodology_extra.format_Char","disabled","True:EE12_E_28_1:","survey_methodology_extra.EE12_E_27_2","survey_methodology_extra.survey_EE12",,,8
"survey_methodology_extra.EE12_E_28",28,41,"¿De cuáles de las siguientes áreas geográficas y en qué porcentaje provienen los insumos y bienes intermedios de producción producidos en el exterior utilizados por la empresa, en el año 2012 (estimado)?(la suma de los porcentajes debe ser igual a 100%)","View",,,"closed",,"survey_methodology_extra.EE12_E","survey_methodology_extra.survey_EE12",,,9
"survey_methodology_extra.EE12_E_28_1",1,121,"Brasil","Variable","E_28_1","survey_methodology_extra.format_Char","disabled","True:EE12_E_28_2:","survey_methodology_extra.EE12_E_28","survey_methodology_extra.survey_EE12",,,9
"survey_methodology_extra.EE12_E_28_2",2,122,"Uruguay","Variable","E_28_2","survey_methodology_extra.format_Char","disabled","True:EE12_E_28_3:","survey_methodology_extra.EE12_E_28","survey_methodology_extra.survey_EE12",,,9
"survey_methodology_extra.EE12_E_28_3",3,123,"Paraguay","Variable","E_28_3","survey_methodology_extra.format_Char","disabled","True:EE12_E_28_4:","survey_methodology_extra.EE12_E_28","survey_methodology_extra.survey_EE12",,,9
"survey_methodology_extra.EE12_E_28_4",4,124,"Chile","Variable","E_28_4","survey_methodology_extra.format_Char","disabled","True:EE12_E_28_5:","survey_methodology_extra.EE12_E_28","survey_methodology_extra.survey_EE12",,,9
"survey_methodology_extra.EE12_E_28_5",5,125,"México","Variable","E_28_5","survey_methodology_extra.format_Char","disabled","True:EE12_E_28_6:","survey_methodology_extra.EE12_E_28","survey_methodology_extra.survey_EE12",,,9
"survey_methodology_extra.EE12_E_28_6",6,126,"Resto de América Latina y el Caribe","Variable","E_28_6","survey_methodology_extra.format_Char","disabled","True:EE12_E_28_7:","survey_methodology_extra.EE12_E_28","survey_methodology_extra.survey_EE12",,,9
"survey_methodology_extra.EE12_E_28_7",7,127,"Unión Europea (*)","Variable","E_28_7","survey_methodology_extra.format_Char","disabled","True:EE12_E_28_8:","survey_methodology_extra.EE12_E_28","survey_methodology_extra.survey_EE12",,,9
"survey_methodology_extra.EE12_E_28_8",8,128,"Estados Unidos y Canadá l","Variable","E_28_8","survey_methodology_extra.format_Char","disabled","True:EE12_E_28_9:","survey_methodology_extra.EE12_E_28","survey_methodology_extra.survey_EE12",,,9
"survey_methodology_extra.EE12_E_28_9",9,129,"China","Variable","E_28_9","survey_methodology_extra.format_Char","disabled","True:EE12_E_28_10:","survey_methodology_extra.EE12_E_28","survey_methodology_extra.survey_EE12",,,9
"survey_methodology_extra.EE12_E_28_10",10,130,"India","Variable","E_28_10","survey_methodology_extra.format_Char","disabled","True:EE12_E_28_11:","survey_methodology_extra.EE12_E_28","survey_methodology_extra.survey_EE12",,,9
"survey_methodology_extra.EE12_E_28_11",11,131,"Sudeste Asiático (Filipinas, Indonesia, Malasia y Tailandia)","Variable","E_28_11","survey_methodology_extra.format_Char","disabled","True:EE12_E_28_12:","survey_methodology_extra.EE12_E_28","survey_methodology_extra.survey_EE12",,,9
"survey_methodology_extra.EE12_E_28_12",12,132,"Resto de Asia","Variable","E_28_12","survey_methodology_extra.format_Char","disabled","True:EE12_E_28_13:","survey_methodology_extra.EE12_E_28","survey_methodology_extra.survey_EE12",,,9
"survey_methodology_extra.EE12_E_28_13",13,133,"Otros destinos (especificar)","Variable","E_28_13","survey_methodology_extra.format_Char","disabled","True:EE12_E_29_a:","survey_methodology_extra.EE12_E_28","survey_methodology_extra.survey_EE12",,,9
"survey_methodology_extra.EE12_E_29",29,42,"¿Cómo evolucionó el precio (en dólares) del principal insumo o bien intermedio de producción importado por la empresa en el año 2012 (estimado) respecto a 2011?","View",,,"closed",,"survey_methodology_extra.EE12_E","survey_methodology_extra.survey_EE12",,,9
"survey_methodology_extra.EE12_E_29_a","a",134,"Aumentó","Variable","E_29_a","survey_methodology_extra.format_Boolean","disabled","True:EE12_E_29_b:","survey_methodology_extra.EE12_E_29","survey_methodology_extra.survey_EE12",,,9
"survey_methodology_extra.EE12_E_29_b","b",135,"No varió","Variable","E_29_b","survey_methodology_extra.format_Boolean","disabled","True:EE12_E_29_c:","survey_methodology_extra.EE12_E_29","survey_methodology_extra.survey_EE12",,,9
"survey_methodology_extra.EE12_E_29_c","c",136,"Disminuyó","Variable","E_29_c","survey_methodology_extra.format_Boolean","disabled","True:EE12_E_29_1:","survey_methodology_extra.EE12_E_29","survey_methodology_extra.survey_EE12",,,9
"survey_methodology_extra.EE12_E_29_1",1,137,"¿En qué porcentaje?","Variable","E_29_1","survey_methodology_extra.format_Char","disabled","True:EE12_E_30_1_1:","survey_methodology_extra.EE12_E_29","survey_methodology_extra.survey_EE12",,,9
"survey_methodology_extra.EE12_E_30",30,43,"En el caso de que no pudiera abastecerse de su principal insumo o bien intermedio de producción importado, ¿Ud. podría...(por favor, marque una opción por fila)","View",,,"closed",,"survey_methodology_extra.EE12_E","survey_methodology_extra.survey_EE12",,,9
"survey_methodology_extra.EE12_E_30_1",1,138,"adquirirlo en el mercado interno (excluye a su empresa)?","View",,,"closed",,"survey_methodology_extra.EE12_E_30","survey_methodology_extra.survey_EE12",,,9
"survey_methodology_extra.EE12_E_30_1_1",1,99,"Si","Variable","E_30_1_1","survey_methodology_extra.format_Boolean","disabled","True:EE12_E_30_1_2:","survey_methodology_extra.EE12_E_30_1","survey_methodology_extra.survey_EE12",,,9
"survey_methodology_extra.EE12_E_30_1_2",2,100,"No","Variable","E_30_1_2","survey_methodology_extra.format_Char","disabled","True:EE12_E_31_1_1:","survey_methodology_extra.EE12_E_30_1","survey_methodology_extra.survey_EE12",,,9
"survey_methodology_extra.EE12_E_31",31,44,"Para los años 2011 y 2012, ¿qué porcentaje de la inversión total realizada por la empresa en bienes de capital... (incluye sus partes y componentes) (la suma de cada columna debe ser 100%; si no invirtió poner 0% en cada casillero de la columna)","View",,,"closed",,"survey_methodology_extra.EE12_E","survey_methodology_extra.survey_EE12",,,9
"survey_methodology_extra.EE12_E_31_1",1,139,"son producidos en el país?","View",,,"closed",,"survey_methodology_extra.EE12_E_31","survey_methodology_extra.survey_EE12",,,9
"survey_methodology_extra.EE12_E_31_1_1",1,101,"Año 2012 (estimado)","Variable","E_31_1_1","survey_methodology_extra.format_Char","disabled","True:EE12_E_31_1_2:","survey_methodology_extra.EE12_E_31_1","survey_methodology_extra.survey_EE12",,,9
"survey_methodology_extra.EE12_E_31_1_2",2,102,"Año 2011)","Variable","E_31_1_2","survey_methodology_extra.format_Char","disabled","True:EE12_E_31_2_1:","survey_methodology_extra.EE12_E_31_1","survey_methodology_extra.survey_EE12",,,9
"survey_methodology_extra.EE12_E_31_2",2,140,"NO son producidos en el país?","View",,,"closed",,"survey_methodology_extra.EE12_E_31","survey_methodology_extra.survey_EE12",,,9
"survey_methodology_extra.EE12_E_31_2_1",1,103,"Año 2012 (estimado)","Variable","E_31_1_1","survey_methodology_extra.format_Char","disabled","True:EE12_E_31_2_2:","survey_methodology_extra.EE12_E_31_2","survey_methodology_extra.survey_EE12",,,9
"survey_methodology_extra.EE12_E_31_2_2",2,104,"Año 2011","Variable","E_31_1_2","survey_methodology_extra.format_Char","disabled","True:EE12_E_32_1_1:","survey_methodology_extra.EE12_E_31_2","survey_methodology_extra.survey_EE12",,,9
"survey_methodology_extra.EE12_E_32",32,45,"En el caso de que no pudiera abastecerse de bienes de capital, y/o sus partes y componentes importados, ¿Ud. podría...(por favor, marque una opción por fila)","View",,,"closed",,"survey_methodology_extra.EE12_E","survey_methodology_extra.survey_EE12",,,10
"survey_methodology_extra.EE12_E_32_1",1,141,"adquirirlos en el mercado interno (excluye a su empresa)?","View",,,"closed",,"survey_methodology_extra.EE12_E_32","survey_methodology_extra.survey_EE12",,,10
"survey_methodology_extra.EE12_E_32_1_1",1,105,"Si","Variable","E_32_1_1","survey_methodology_extra.format_Boolean","disabled","True:EE12_E_32_1_2:","survey_methodology_extra.EE12_E_32_1","survey_methodology_extra.survey_EE12",,,9
"survey_methodology_extra.EE12_E_32_1_2",2,106,"No","Variable","E_32_1_2","survey_methodology_extra.format_Boolean","disabled","True:EE12_E_32_2_1:","survey_methodology_extra.EE12_E_32_1","survey_methodology_extra.survey_EE12",,,10
"survey_methodology_extra.EE12_E_32_2",2,142,"producirlos en su propia empresa?","View",,,"closed",,"survey_methodology_extra.EE12_E_32","survey_methodology_extra.survey_EE12",,,10
"survey_methodology_extra.EE12_E_32_2_1",1,107,"Si","Variable","E_32_2_1","survey_methodology_extra.format_Boolean","disabled","True:EE12_E_32_2_2:","survey_methodology_extra.EE12_E_32_2","survey_methodology_extra.survey_EE12",,,10
"survey_methodology_extra.EE12_E_32_2_2",2,108,"No","Variable","E_32_2_2","survey_methodology_extra.format_Boolean","disabled","True:EE12_E_33_1_1:","survey_methodology_extra.EE12_E_32_2","survey_methodology_extra.survey_EE12",,,10
"survey_methodology_extra.EE12_E_33",33,46,"¿Cómo influye en la empresa el nuevo Sistema de Control de Importaciones que entró en vigencia el 1° de febrero último?(por favor, lea todas las opciones y marque una opción por fila)","View",,,"closed",,"survey_methodology_extra.EE12_E","survey_methodology_extra.survey_EE12",,,10
"survey_methodology_extra.EE12_E_33_1",1,143,"Protege a la empresa de la competencia externa","View",,,"closed",,"survey_methodology_extra.EE12_E_33","survey_methodology_extra.survey_EE12",,,10
"survey_methodology_extra.EE12_E_33_1_1",1,109,"Si","Variable","E_33_1_1","survey_methodology_extra.format_Boolean","disabled","True:EE12_E_33_1_2:","survey_methodology_extra.EE12_E_33_1","survey_methodology_extra.survey_EE12",,,10
"survey_methodology_extra.EE12_E_33_1_2",2,110,"No","Variable","E_33_1_2","survey_methodology_extra.format_Boolean","disabled","True:EE12_E_33_2_1:","survey_methodology_extra.EE12_E_33_1","survey_methodology_extra.survey_EE12",,,10
"survey_methodology_extra.EE12_E_33_2",2,144,"Dificulta la importación de insumos de producción. ¿Qué insumo?:","View",,,"closed",,"survey_methodology_extra.EE12_E_33","survey_methodology_extra.survey_EE12",,,10
"survey_methodology_extra.EE12_E_33_2_1",1,111,"Si","Variable","E_33_2_1","survey_methodology_extra.format_Boolean","disabled","True:EE12_E_33_2_2:","survey_methodology_extra.EE12_E_33_2","survey_methodology_extra.survey_EE12",,,10
"survey_methodology_extra.EE12_E_33_2_2",2,112,"No","Variable","E_33_2_2","survey_methodology_extra.format_Boolean","disabled","True:EE12_E_33_3_1:","survey_methodology_extra.EE12_E_33_2","survey_methodology_extra.survey_EE12",,,10
"survey_methodology_extra.EE12_E_33_3",3,145,"Dificulta la importación de bienes de capital utilizados en los procesos productivos (maquinaria y equipo de producción, o sus repuestos, partes y componentes)","View",,,"closed",,"survey_methodology_extra.EE12_E_33","survey_methodology_extra.survey_EE12",,,10
"survey_methodology_extra.EE12_E_33_3_1",1,113,"Si","Variable","E_33_3_1","survey_methodology_extra.format_Boolean","disabled","True:EE12_E_33_3_2:","survey_methodology_extra.EE12_E_33_3","survey_methodology_extra.survey_EE12",,,10
"survey_methodology_extra.EE12_E_33_3_2",2,114,"No","Variable","E_33_3_2","survey_methodology_extra.format_Boolean","disabled","True:EE12_E_33_4_1:","survey_methodology_extra.EE12_E_33_3","survey_methodology_extra.survey_EE12",,,10
"survey_methodology_extra.EE12_E_33_4",4,146,"Otra","View",,,"closed",,"survey_methodology_extra.EE12_E_33","survey_methodology_extra.survey_EE12",,,10
"survey_methodology_extra.EE12_E_33_4_1",1,115,"Si","Variable","E_33_4_1","survey_methodology_extra.format_Boolean","disabled","True:EE12_E_33_4_2:","survey_methodology_extra.EE12_E_33_4","survey_methodology_extra.survey_EE12",,,10
"survey_methodology_extra.EE12_E_33_4_2",2,116,"No","Variable","E_33_4_2","survey_methodology_extra.format_Boolean","disabled","True:EE12_E_33_4_a:","survey_methodology_extra.EE12_E_33_4","survey_methodology_extra.survey_EE12",,,10
"survey_methodology_extra.EE12_E_33_4_a","a",117,"Especificar","Variable","E_33_4_a","survey_methodology_extra.format_Char","disabled","True:EE12_E_33_5_1:","survey_methodology_extra.EE12_E_33","survey_methodology_extra.survey_EE12",,,10
"survey_methodology_extra.EE12_E_33_5",5,147,"No tiene ninguna influencia (esta respuesta es excluyente de todas las anteriores)","View",,,"closed",,"survey_methodology_extra.EE12_E_33","survey_methodology_extra.survey_EE12",,,10
"survey_methodology_extra.EE12_E_33_5_1",1,118,"Si","Variable","E_33_5_1","survey_methodology_extra.format_Boolean","disabled","True:EE12_E_33_5_2:","survey_methodology_extra.EE12_E_33_5","survey_methodology_extra.survey_EE12",,,10
"survey_methodology_extra.EE12_E_33_5_2",2,119,"No","Variable","E_33_5_2","survey_methodology_extra.format_Boolean","disabled","True:EE12_E_34_1:","survey_methodology_extra.EE12_E_33_5","survey_methodology_extra.survey_EE12",,,10
"survey_methodology_extra.EE12_F","F",9,"Clientes y Proveedores","View",,,"closed",,"survey_methodology_extra.EE12","survey_methodology_extra.survey_EE12",,,10
"survey_methodology_extra.EE12_F_34",34,47,"Actualmente, ¿cuál es la participación de los distintos tipos de clientes en el monto total de ventas de la empresa?(la suma de los porcentajes debe ser igual a 100%)","View",,,"closed",,"survey_methodology_extra.EE12_F","survey_methodology_extra.survey_EE12",,,10
"survey_methodology_extra.EE12_F_34_1",1,148,"Venta directa al público","Variable","F_34_1","survey_methodology_extra.format_Char","disabled","True:EE12_F_34_2:","survey_methodology_extra.EE12_F_34","survey_methodology_extra.survey_EE12",,,10
"survey_methodology_extra.EE12_F_34_2",2,149,"Comercio minorista","Variable","F_34_2","survey_methodology_extra.format_Char","disabled","True:EE12_F_34_3:","survey_methodology_extra.EE12_F_34","survey_methodology_extra.survey_EE12",,,10
"survey_methodology_extra.EE12_F_34_3",3,150,"Comercio mayorista","Variable","F_34_3","survey_methodology_extra.format_Char","disabled","True:EE12_F_34_4:","survey_methodology_extra.EE12_F_34","survey_methodology_extra.survey_EE12",,,10
"survey_methodology_extra.EE12_F_34_4",4,151,"Empresas industriales","Variable","F_34_4","survey_methodology_extra.format_Char","disabled","True:EE12_F_34_5:","survey_methodology_extra.EE12_F_34","survey_methodology_extra.survey_EE12",,,10
"survey_methodology_extra.EE12_F_34_5",5,152,"Empresas de servicios","Variable","F_34_5","survey_methodology_extra.format_Char","disabled","True:EE12_F_34_6:","survey_methodology_extra.EE12_F_34","survey_methodology_extra.survey_EE12",,,10
"survey_methodology_extra.EE12_F_34_6",6,153,"Sector público","Variable","F_34_6","survey_methodology_extra.format_Char","disabled","True:EE12_F_34_7:","survey_methodology_extra.EE12_F_34","survey_methodology_extra.survey_EE12",,,10
"survey_methodology_extra.EE12_F_34_7",7,154,"Empresas agropecuarias","Variable","F_34_7","survey_methodology_extra.format_Char","disabled","True:EE12_F_34_8:","survey_methodology_extra.EE12_F_34","survey_methodology_extra.survey_EE12",,,10
"survey_methodology_extra.EE12_F_34_8",8,155,"Empresas de la industria de la construcción","Variable","F_34_8","survey_methodology_extra.format_Char","disabled","True:EE12_F_34_9:","survey_methodology_extra.EE12_F_34","survey_methodology_extra.survey_EE12",,,10
"survey_methodology_extra.EE12_F_34_9",9,156,"Otro tipo de cliente (especificar)","Variable","F_34_9","survey_methodology_extra.format_Char","disabled","True:EE12_F_35:","survey_methodology_extra.EE12_F_34","survey_methodology_extra.survey_EE12",,,10
"survey_methodology_extra.EE12_F_35",35,48,"¿Qué porcentaje de las ventas anuales (facturación sin IVA) de la empresa representa el principal cliente?","Variable","F_35","survey_methodology_extra.format_Char","disabled","True:EE12_F_36_1:","survey_methodology_extra.EE12_F","survey_methodology_extra.survey_EE12",,,10
"survey_methodology_extra.EE12_F_36",36,49,"El principal cliente de la empresa es...(por favor, marque una sola opción)","View",,,"closed",,"survey_methodology_extra.EE12_F","survey_methodology_extra.survey_EE12",,,11
"survey_methodology_extra.EE12_F_36_1",1,157,"consumidor final","Variable","F_36_1","survey_methodology_extra.format_Boolean","disabled","True:EE12_F_36_2:","survey_methodology_extra.EE12_F_36","survey_methodology_extra.survey_EE12",,,11
"survey_methodology_extra.EE12_F_36_2",2,158,"empresa con menos de 10 ocupados","Variable","F_36_2","survey_methodology_extra.format_Boolean","disabled","True:EE12_F_36_3:","survey_methodology_extra.EE12_F_36","survey_methodology_extra.survey_EE12",,,11
"survey_methodology_extra.EE12_F_36_3",3,159,"empresa con 10 a 50 ocupados","Variable","F_36_3","survey_methodology_extra.format_Boolean","disabled","True:EE12_F_36_4:","survey_methodology_extra.EE12_F_36","survey_methodology_extra.survey_EE12",,,11
"survey_methodology_extra.EE12_F_36_4",4,160,"empresa con 51 a 200 ocupados","Variable","F_36_4","survey_methodology_extra.format_Boolean","disabled","True:EE12_F_36_5:","survey_methodology_extra.EE12_F_36","survey_methodology_extra.survey_EE12",,,11
"survey_methodology_extra.EE12_F_36_5",5,161,"empresa con más de 200 ocupados","Variable","F_36_5","survey_methodology_extra.format_Boolean","disabled","True:EE12_F_36_6:","survey_methodology_extra.EE12_F_36","survey_methodology_extra.survey_EE12",,,11
"survey_methodology_extra.EE12_F_36_6",6,162,"Estado municipal/provincial/nacional","Variable","F_36_6","survey_methodology_extra.format_Boolean","disabled","True:EE12_F_37:","survey_methodology_extra.EE12_F_36","survey_methodology_extra.survey_EE12",,,11
"survey_methodology_extra.EE12_F_37",37,50,"¿En qué país se localiza el principal cliente? Si es en Argentina: ¿a qué distancia aproximada de la empresa se encuentra?(si tiene dificultades para precisar los kilómetros, indique la provincia y la localidad)","Variable","F_37","survey_methodology_extra.format_Char","disabled","True:EE12_F_37_1:","survey_methodology_extra.EE12_F","survey_methodology_extra.survey_EE12",,,11
"survey_methodology_extra.EE12_F_37_1",1,163,"País","Variable","F_37_1","survey_methodology_extra.format_Char","disabled","True:EE12_F_37_2:","survey_methodology_extra.EE12_F_37","survey_methodology_extra.survey_EE12",,,11
"survey_methodology_extra.EE12_F_37_2",2,164,"Kilómetros (sólo para Argentina)","Variable","F_37_2","survey_methodology_extra.format_Char","disabled","True:EE12_F_38_1:","survey_methodology_extra.EE12_F_37","survey_methodology_extra.survey_EE12",,,11
"survey_methodology_extra.EE12_F_38",38,51,"¿Cuál es actualmente la participación de los distintos tipos de proveedores en el monto total de compras de la empresa?(la suma de los porcentajes debe ser igual a 100%)","View",,,"closed",,"survey_methodology_extra.EE12_F","survey_methodology_extra.survey_EE12",,,11
"survey_methodology_extra.EE12_F_38_1",1,165,"Comercio mayorista","Variable","F_38_1","survey_methodology_extra.format_Char","disabled","True:EE12_F_38_2:","survey_methodology_extra.EE12_F_38","survey_methodology_extra.survey_EE12",,,11
"survey_methodology_extra.EE12_F_38_2",2,166,"Empresas industriales","Variable","F_38_2","survey_methodology_extra.format_Char","disabled","True:EE12_F_38_3:","survey_methodology_extra.EE12_F_38","survey_methodology_extra.survey_EE12",,,11
"survey_methodology_extra.EE12_F_38_3",3,167,"Empresas de servicios","Variable","F_38_3","survey_methodology_extra.format_Char","disabled","True:EE12_F_38_4:","survey_methodology_extra.EE12_F_38","survey_methodology_extra.survey_EE12",,,11
"survey_methodology_extra.EE12_F_38_4",4,168,"Empresas agropecuarias","Variable","F_38_4","survey_methodology_extra.format_Char","disabled","True:EE12_F_38_5:","survey_methodology_extra.EE12_F_38","survey_methodology_extra.survey_EE12",,,11
"survey_methodology_extra.EE12_F_38_5",5,169,"Otro tipo de proveedor (especificar)","Variable","F_38_5","survey_methodology_extra.format_Char","disabled","True:EE12_F_39:","survey_methodology_extra.EE12_F_38","survey_methodology_extra.survey_EE12",,,11
"survey_methodology_extra.EE12_F_39",39,52,"Qué porcentaje del gasto total en insumos y bienes intermedios utilizados en la producción industrial de la empresarepresenta el principal proveedor de los mismos?","Variable","F_39","survey_methodology_extra.format_Char","disabled","True:EE12_F_40_1:","survey_methodology_extra.EE12_F","survey_methodology_extra.survey_EE12",,,11
"survey_methodology_extra.EE12_F_40",40,53,"El principal proveedor en la empresa es...(por favor, marque una sola opción)","View",,,"closed",,"survey_methodology_extra.EE12_F","survey_methodology_extra.survey_EE12",,,11
"survey_methodology_extra.EE12_F_40_1",1,170,"empresa con menos de 10 ocupados","Variable","F_40_1","survey_methodology_extra.format_Boolean","disabled","True:EE12_F_40_2:","survey_methodology_extra.EE12_F_40","survey_methodology_extra.survey_EE12",,,11
"survey_methodology_extra.EE12_F_40_2",2,171,"empresa con 10 a 50 ocupados","Variable","F_40_2","survey_methodology_extra.format_Boolean","disabled","True:EE12_F_40_3:","survey_methodology_extra.EE12_F_40","survey_methodology_extra.survey_EE12",,,11
"survey_methodology_extra.EE12_F_40_3",3,172,"empresa con 51 a 200 ocupados","Variable","F_40_3","survey_methodology_extra.format_Boolean","disabled","True:EE12_F_40_4:","survey_methodology_extra.EE12_F_40","survey_methodology_extra.survey_EE12",,,11
"survey_methodology_extra.EE12_F_40_4",4,173,"empresa con más de 200 ocupados","Variable","F_40_4","survey_methodology_extra.format_Boolean","disabled","True:EE12_F_41:","survey_methodology_extra.EE12_F_40","survey_methodology_extra.survey_EE12",,,11
"survey_methodology_extra.EE12_F_41",41,54,"En qué país se localiza el principal proveedor? Si es en Argentina: ¿a qué distancia aproximada de la empresa se encuentra?(si tiene dificultades para precisar los kilómetros, indique la provincia y la localidad)","Variable","F_41","survey_methodology_extra.format_Char","disabled","True:EE12_F_41_1:","survey_methodology_extra.EE12_F","survey_methodology_extra.survey_EE12",,,11
"survey_methodology_extra.EE12_F_41_1",1,174,"País","Variable","F_41_1","survey_methodology_extra.format_Char","disabled","True:EE12_F_41_2:","survey_methodology_extra.EE12_F_41","survey_methodology_extra.survey_EE12",,,11
"survey_methodology_extra.EE12_F_41_2",2,175,"Kilómetros (sólo para Argentina)","Variable","F_41_2","survey_methodology_extra.format_Char","disabled","True:EE12_G_42_1_1:","survey_methodology_extra.EE12_F_41","survey_methodology_extra.survey_EE12",,,11
"survey_methodology_extra.EE12_G","G",10,"Recursos humanos","View",,,"closed",,"survey_methodology_extra.EE12","survey_methodology_extra.survey_EE12",,,12
"survey_methodology_extra.EE12_G_42",42,55,"Actualmente, ¿busca contratar personal para las siguientes categorías? Si lo hace, indique el grado de dificultad para contratar trabajadores afectados al proceso productivo: (por favor, marque una opción por fila)","View",,,"closed",,"survey_methodology_extra.EE12_G","survey_methodology_extra.survey_EE12",,,12
"survey_methodology_extra.EE12_G_42_1",1,176,"Operarios no calificados","View",,,"closed",,"survey_methodology_extra.EE12_G_42","survey_methodology_extra.survey_EE12",,,12
"survey_methodology_extra.EE12_G_42_1_1",1,120,"No busca contratar personal con estas características","Variable","G_42_1_1","survey_methodology_extra.format_Boolean","disabled","True:EE12_G_42_1_2:","survey_methodology_extra.EE12_G_42_1","survey_methodology_extra.survey_EE12",,,12
"survey_methodology_extra.EE12_G_42_1_2",2,121,"No tiene dificultad","Variable","G_42_1_2","survey_methodology_extra.format_Boolean","disabled","True:EE12_G_42_1_3:","survey_methodology_extra.EE12_G_42_1","survey_methodology_extra.survey_EE12",,,12
"survey_methodology_extra.EE12_G_42_1_3",3,122,"Tiene dificultad baja","Variable","G_42_1_3","survey_methodology_extra.format_Boolean","disabled","True:EE12_G_42_1_4:","survey_methodology_extra.EE12_G_42_1","survey_methodology_extra.survey_EE12",,,12
"survey_methodology_extra.EE12_G_42_1_4",4,123,"Tiene dificultad alta","Variable","G_42_1_4","survey_methodology_extra.format_Boolean","disabled","True:EE12_G_43_1:","survey_methodology_extra.EE12_G_42_1","survey_methodology_extra.survey_EE12",,,12
"survey_methodology_extra.EE12_G_43",43,56,"¿Cuál es la remuneración bruta mensual (especificar monto promedio por persona) del personal afectado al proceso productivo en el......","View",,,"closed",,"survey_methodology_extra.EE12_G","survey_methodology_extra.survey_EE12",,,12
"survey_methodology_extra.EE12_G_43_1",1,177,"año 2012?","Variable","G_43_1","survey_methodology_extra.format_Char","disabled","True:EE12_G_43_2:","survey_methodology_extra.EE12_G_43","survey_methodology_extra.survey_EE12",,,12
"survey_methodology_extra.EE12_G_43_2",2,178,"año 2011?","Variable","G_43_2","survey_methodology_extra.format_Char","disabled","True:EE12_H_44_1:","survey_methodology_extra.EE12_G_43","survey_methodology_extra.survey_EE12",,,12
"survey_methodology_extra.EE12_H","H",11,"año 2011?","View",,,"closed",,"survey_methodology_extra.EE12","survey_methodology_extra.survey_EE12",,,12
"survey_methodology_extra.EE12_H_44",44,57,"Habitualmente, ¿a cuántos días le cobra a sus principales clientes y le paga a sus principales proveedores?","View",,,"closed",,"survey_methodology_extra.EE12_H","survey_methodology_extra.survey_EE12",,,12
"survey_methodology_extra.EE12_H_44_1",1,179,"Cobro a clientes","Variable","H_44_1","survey_methodology_extra.format_Char","disabled","True:EE12_H_44_2:","survey_methodology_extra.EE12_H_44","survey_methodology_extra.survey_EE12",,,12
"survey_methodology_extra.EE12_H_44_2",2,180,"Pago a proveedores","Variable","H_44_2","survey_methodology_extra.format_Char","disabled","True:EE12_H_45_a:","survey_methodology_extra.EE12_H_44","survey_methodology_extra.survey_EE12",,,12
"survey_methodology_extra.EE12_H_45",45,58,"¿Tiene algún proyecto de inversión frenado por falta de financiamiento bancario?","View",,,"closed",,"survey_methodology_extra.EE12_H","survey_methodology_extra.survey_EE12",,,12
"survey_methodology_extra.EE12_H_45_a",1,181,"Si","Variable","H_45_a","survey_methodology_extra.format_Boolean","disabled","True:EE12_H_45_b:","survey_methodology_extra.EE12_H_45","survey_methodology_extra.survey_EE12",,,12
"survey_methodology_extra.EE12_H_45_b",2,182,"No","Variable","H_45_b","survey_methodology_extra.format_Boolean","disabled","True:EE12_H_46_1_1:","survey_methodology_extra.EE12_H_45","survey_methodology_extra.survey_EE12",,,12
"survey_methodology_extra.EE12_H_46",46,59,"En el último año, ¿solicitó la empresa a las entidades bancarias... (por favor, marque una opción por fila)","View",,,"closed",,"survey_methodology_extra.EE12_H","survey_methodology_extra.survey_EE12",,,12
"survey_methodology_extra.EE12_H_46_1",1,183,"descubierto en cuenta corriente?","View",,,"closed",,"survey_methodology_extra.EE12_H_46","survey_methodology_extra.survey_EE12",,,12
"survey_methodology_extra.EE12_H_46_1_1",1,124,"Solicitó y le fue otorgado","Variable","H_46_1_1","survey_methodology_extra.format_Boolean","disabled","True:EE12_H_46_1_2:","survey_methodology_extra.EE12_H_46_1","survey_methodology_extra.survey_EE12",,,12
"survey_methodology_extra.EE12_H_46_1_2",2,125,"Solicitó y no le fue otorgado","Variable","H_46_1_2","survey_methodology_extra.format_Boolean","disabled","True:EE12_H_46_1_3:","survey_methodology_extra.EE12_H_46_1","survey_methodology_extra.survey_EE12",,,12
"survey_methodology_extra.EE12_H_46_1_3",3,126,"No solicitó","Variable","H_46_1_3","survey_methodology_extra.format_Boolean","disabled","True:EE12_H_46_2_1:","survey_methodology_extra.EE12_H_46_1","survey_methodology_extra.survey_EE12",,,12
"survey_methodology_extra.EE12_H_46_2",2,184,"leasing ?","View",,,"closed",,"survey_methodology_extra.EE12_H_46","survey_methodology_extra.survey_EE12",,,12
"survey_methodology_extra.EE12_H_46_2_1",1,127,"Solicitó y le fue otorgado","Variable","H_46_2_1","survey_methodology_extra.format_Boolean","disabled","True:EE12_H_46_2_2:","survey_methodology_extra.EE12_H_46_2","survey_methodology_extra.survey_EE12",,,12
"survey_methodology_extra.EE12_H_46_2_2",2,128,"Solicitó y no le fue otorgado","Variable","H_46_2_2","survey_methodology_extra.format_Boolean","disabled","True:EE12_H_47_1:","survey_methodology_extra.EE12_H_46_2","survey_methodology_extra.survey_EE12",,,12
"survey_methodology_extra.EE12_H_47",47,60,"En el último año, ¿solicitó la empresa otro tipo de crédito bancario distinto a los anteriores? ¿Le fue otorgado? (por favor, marque solo una opción)","View",,,"closed",,"survey_methodology_extra.EE12_H","survey_methodology_extra.survey_EE12",,,12
"survey_methodology_extra.EE12_H_47_1",1,185,"No solicitó","Variable","H_47_1","survey_methodology_extra.format_Boolean","disabled","True:EE12_H_48_1:","survey_methodology_extra.EE12_H_47","survey_methodology_extra.survey_EE12",,,12
"survey_methodology_extra.EE12_H_48",48,61,"La empresa, ¿lleva estados contables?","View",,,"closed",,"survey_methodology_extra.EE12_H","survey_methodology_extra.survey_EE12",,,13
"survey_methodology_extra.EE12_H_48_1",1,186,"Si","Variable","H_48_1","survey_methodology_extra.format_Boolean","disabled","True:EE12_H_48_2:","survey_methodology_extra.EE12_H_48","survey_methodology_extra.survey_EE12",,,13
"survey_methodology_extra.EE12_H_48_2",2,187,"No","Variable","H_48_2","survey_methodology_extra.format_Boolean","disabled","True::","survey_methodology_extra.EE12_H_48","survey_methodology_extra.survey_EE12",,,13
